0,BLACKJACK,*,*,<think>#Newline	<set name="coins">50</set>#Newline	<set name="bankcoin">coins</set>#Newline</think>#NewlineWelcome to my Blackjack game. You start the game with <get name="coins"/> coins.<br/><br/>#NewlineHOUSE RULES:<br/>#Newline- Dealer must draw to 17<br/>#Newline- Blackjack pays 3 for 2 (rounded up to the nearest coin)<br/>#Newline- Maximum bet is 10 coins<br/>#Newline- The game ends when you either lose all your coins or break the bank by making 250 coins<br/><br/>Good luck!<br/><br/>#NewlineType D to deal.,blackjack.aiml
0,D,TYPE D TO DEAL,*,<think>#Newline	<set name="topic">BLACKJACK</set>#Newline</think>#NewlineType "QUIT" to end the game.<br/><br/>#NewlineBank: <get name="coins"/> <get name="bankcoin"/>.<br/>#NewlineHow many coins do you wish to bet (1-10)?,blackjack.aiml
0,BADBJBET,*,*,<think>#Newline	<set name="topic">BLACKJACK</set>#Newline</think>#Newline<get name="bankmessage"/><br/><br/>#NewlineBank: <get name="coins"/> <get name="bankcoin"/>.<br/>#NewlineHow many coins do you wish to bet (1-10)?,blackjack.aiml
0,BETOK,*,*,<think>#Newline	<set name="topic">BLANK</set>#Newline</think>#Newline<srai>BJCHECKBANK</srai>#Newline	<condition name="goodbet">#Newline		<li value="YES"><srai>BJMAIN</srai></li>#Newline		<li value="NO"><srai>BADBJBET</srai></li>#Newline	</condition>,blackjack.aiml
0,BJCHECKBANK,*,*,<think>#Newline	<set name="goodbet">YES</set>#Newline	<set name="savecoins"><get name="coins"/></set>#Newline	<set name="bankmessage"/>#Newline	<condition name="plbet"> #Newline		<li value="2"><srai>XBJSUB1</srai></li>#Newline		<li value="3"><srai>XBJSUB1</srai><srai>XBJSUB1</srai></li>#Newline		<li value="4"><srai>XBJSUB1</srai><srai>XBJSUB1</srai><srai>XBJSUB1</srai></li>#Newline		<li value="5"><srai>XBJSUB1</srai><srai>XBJSUB1</srai><srai>XBJSUB1</srai><srai>XBJSUB1</srai></li>#Newline		<li value="6"><srai>XBJSUB5</srai></li>#Newline		<li value="7"><srai>XBJSUB5</srai><srai>XBJSUB1</srai></li>#Newline		<li value="8"><srai>XBJSUB5</srai><srai>XBJSUB1</srai><srai>XBJSUB1</srai></li>#Newline		<li value="9"><srai>XBJSUB5</srai><srai>XBJSUB1</srai><srai>XBJSUB1</srai><srai>XBJSUB1</srai></li>#Newline		<li value="10"><srai>XBJSUB5</srai><srai>XBJSUB1</srai><srai>XBJSUB1</srai><srai>XBJSUB1</srai><srai>XBJSUB1</srai></li>#Newline	</condition>#Newline	<condition name="coins">#Newline		<li value="0"><set name="bankmessage">Sorry but you do not have enough money to bet <get name="plbet"/> coins.</set><set name="goodbet">NO</set></li>#Newline	</condition>#Newline	<set name="coins"><get name="savecoins"/></set>#Newline</think>,blackjack.aiml
0,BJCHECKDOUBLE,*,*,<think>#Newline	<set name="savecoins"><get name="coins"/></set>#Newline	<set name="gamemessage">Type H to hit#Comma S to stand or D to double down.</set>#Newline	<condition name="plbet"> #Newline		<li value="1"><srai>XBJSUB1</srai></li>#Newline		<li value="2"><srai>XBJSUB1</srai><srai>XBJSUB1</srai><srai>XBJSUB1</srai></li>#Newline		<li value="3"><srai>XBJSUB5</srai></li>#Newline		<li value="4"><srai>XBJSUB5</srai><srai>XBJSUB1</srai><srai>XBJSUB1</srai></li>#Newline		<li value="5"><srai>XBJSUB5</srai><srai>XBJSUB1</srai><srai>XBJSUB1</srai><srai>XBJSUB1</srai><srai>XBJSUB1</srai></li>#Newline		<li value="6"><srai>XBJSUB5</srai><srai>XBJSUB5</srai><srai>XBJSUB1</srai>&gt;</li>#Newline		<li value="7"><srai>XBJSUB5</srai><srai>XBJSUB5</srai><srai>XBJSUB1</srai><srai>XBJSUB1</srai><srai>XBJSUB1</srai></li>#Newline		<li value="8"><srai>XBJSUB5</srai><srai>XBJSUB5</srai><srai>XBJSUB5</srai></li>#Newline		<li value="9"><srai>XBJSUB5</srai><srai>XBJSUB5</srai><srai>XBJSUB5</srai><srai>XBJSUB1</srai><srai>XBJSUB1</srai></li>#Newline		<li value="10"><srai>XBJSUB5</srai><srai>XBJSUB5</srai><srai>XBJSUB5</srai><srai>XBJSUB1</srai><srai>XBJSUB1</srai><srai>XBJSUB1</srai><srai>XBJSUB1</srai></li>#Newline	</condition>#Newline	<condition name="coins">#Newline		<li value="0"><set name="gamemessage">Type H to Hit or S to Stand.</set></li>#Newline	</condition>#Newline	<set name="coins"><get name="savecoins"/></set>#Newline</think>,blackjack.aiml
0,_,HOW MANY COINS DO YOU WISH TO BET 1 10,BLACKJACK,<think>#Newline	<set name="topic"/>#Newline	<set name="plbet"><star/></set>#Newline	<set name="plstake"><star/></set>#Newline	<set name="bankmessage">You cannot bet "<get name="plbet"/> coins". Please choose a number of coins (1-10) or type QUIT to finish playing.</set>#Newline</think>#Newline	<condition name="plbet">#Newline		<li value="1"><srai>BETOK</srai></li>#Newline		<li value="2"><srai>BETOK</srai></li>#Newline		<li value="3"><srai>BETOK</srai></li>#Newline		<li value="4"><srai>BETOK</srai></li>#Newline		<li value="5"><srai>BETOK</srai></li>#Newline		<li value="6"><srai>BETOK</srai></li>#Newline		<li value="7"><srai>BETOK</srai></li>#Newline		<li value="8"><srai>BETOK</srai></li>#Newline		<li value="9"><srai>BETOK</srai></li>#Newline		<li value="10"><srai>BETOK</srai></li>#Newline		<li value="QUIT">Ok. What would you like to do now?</li>#Newline		<li><srai>BADBJBET</srai></li>#Newline	</condition>,blackjack.aiml
0,BJMAIN,*,*,<think>#Newline	<set name="dealerhand"/>#Newline	<set name="dealertot">0</set>#Newline	<set name="dealerace"/>#Newline	<set name="dlrhasace"/>#Newline	<set name="dlrfinish">N</set>#Newline	<set name="playerhand"/>#Newline	<set name="playertot">0</set>#Newline	<set name="playerace"/>#Newline	<set name="plhasace"/>#Newline	<set name="pldouble">NO</set>#Newline	<set name="plstake">0</set>#Newline	<set name="plbjwin">0</set>#Newline	<set name="playcoin">coins</set>#Newline	<condition name="plbet">#Newline		<li value="1"><set name="plbjwin">2</set><set name="plstake">1</set><set name="playcoin">coin</set></li>#Newline		<li value="2"><set name="plbjwin">3</set><set name="plstake">2</set></li>#Newline		<li value="3"><set name="plbjwin">5</set><set name="plstake">3</set></li>#Newline		<li value="4"><set name="plbjwin">6</set><set name="plstake">4</set></li>#Newline		<li value="5"><set name="plbjwin">8</set><set name="plstake">5</set></li>#Newline		<li value="6"><set name="plbjwin">9</set><set name="plstake">6</set></li>#Newline		<li value="7"><set name="plbjwin">11</set><set name="plstake">7</set></li>#Newline		<li value="8"><set name="plbjwin">12</set><set name="plstake">8</set></li>#Newline		<li value="9"><set name="plbjwin">14</set><set name="plstake">9</set></li>#Newline		<li value="10"><set name="plbjwin">15</set><set name="plstake">10</set></li>#Newline	</condition>#Newline</think>#Newline<srai>XDEALERCARD</srai>#Newline<srai>XPLAYERCARD</srai>#Newline<srai>XPLAYERCARD</srai>#Newline<srai>BJCHECKDOUBLE</srai>#NewlineDEALER: <get name="dealerhand"/><br/><get name="dealertot"/><get name="dealerace"/>.<br/><br/>#NewlinePLAYER: <get name="playerhand"/><br/><get name="playertot"/><get name="playerace"/>.<br/><br/>#NewlineBank: <get name="coins"/> <get name="bankcoin"/>.<br/>#NewlineBet: <get name="plbet"/> <get name="playcoin"/>.<br/><br/>#Newline<get name="gamemessage"/>,blackjack.aiml
0,D,TYPE H TO HIT S TO STAND OR D TO DOUBLE DOWN,*,<think>#Newline	<set name="playcoin">coins</set>#Newline	<set name="pldouble">YES</set>#Newline	<condition name="plbet">#Newline		<li value="1"><set name="plstake">2</set></li>#Newline		<li value="2"><set name="plstake">4</set></li>#Newline		<li value="3"><set name="plstake">6</set></li>#Newline		<li value="4"><set name="plstake">8</set></li>#Newline		<li value="5"><set name="plstake">10</set></li>#Newline		<li value="6"><set name="plstake">12</set></li>#Newline		<li value="7"><set name="plstake">14</set></li>#Newline		<li value="8"><set name="plstake">16</set></li>#Newline		<li value="9"><set name="plstake">18</set></li>#Newline		<li value="10"><set name="plstake">20</set></li>#Newline	</condition>#Newline</think>#Newline<srai>XPLAYERCARD</srai>#Newline<condition name="playertot">#Newline	<li value="BUST!!"><srai>XDEALERFINISH</srai></li>#Newline	<li><srai>XDEALERCARD1</srai></li>#Newline</condition>,blackjack.aiml
0,H,TYPE H TO HIT *,*,<srai>XPLAYERCARD</srai>#Newline<condition name="playertot">#Newline	<li value="BUST!!"><srai>XDEALERFINISH</srai></li>#Newline<li>DEALER: <get name="dealerhand"/><br/><get name="dealertot"/><get name="dealerace"/>.<br/><br/>#NewlinePLAYER: <get name="playerhand"/><br/><get name="playertot"/><get name="playerace"/>.<br/><br/>#NewlineBank: <get name="coins"/> <get name="bankcoin"/>.<br/>#NewlineBet: <get name="plbet"/> <get name="playcoin"/>.<br/><br/>#NewlineType H to hit or S to stand.</li>#Newline</condition>,blackjack.aiml
0,XPLAYERCARD,*,*,<think>#Newline	<random>#Newline		<li><set name="playerhand"><get name="playerhand"/>A</set><set name="plhasace">Y</set><srai>XBLACKP1</srai></li>#Newline		<li><set name="playerhand"><get name="playerhand"/>2</set><srai>XBLACKP2</srai></li>#Newline		<li><set name="playerhand"><get name="playerhand"/>3</set><srai>XBLACKP2</srai><srai>XBLACKP1</srai></li>#Newline		<li><set name="playerhand"><get name="playerhand"/>4</set><srai>XBLACKP2</srai><srai>XBLACKP2</srai></li>#Newline		<li><set name="playerhand"><get name="playerhand"/>5</set><srai>XBLACKP5</srai></li>#Newline		<li><set name="playerhand"><get name="playerhand"/>6</set><srai>XBLACKP5</srai><srai>XBLACKP1</srai></li>#Newline		<li><set name="playerhand"><get name="playerhand"/>7</set><srai>XBLACKP5</srai><srai>XBLACKP2</srai></li>#Newline		<li><set name="playerhand"><get name="playerhand"/>8</set><srai>XBLACKP5</srai><srai>XBLACKP2</srai><srai>XBLACKP1</srai></li>#Newline		<li><set name="playerhand"><get name="playerhand"/>9</set><srai>XBLACKP5</srai><srai>XBLACKP2</srai><srai>XBLACKP2</srai></li>#Newline		<li><set name="playerhand"><get name="playerhand"/>10</set><srai>XBLACKP5</srai><srai>XBLACKP5</srai></li>#Newline		<li><set name="playerhand"><get name="playerhand"/>J</set><srai>XBLACKP5</srai><srai>XBLACKP5</srai></li>#Newline		<li><set name="playerhand"><get name="playerhand"/>Q</set><srai>XBLACKP5</srai><srai>XBLACKP5</srai></li>#Newline		<li><set name="playerhand"><get name="playerhand"/>K</set><srai>XBLACKP5</srai><srai>XBLACKP5</srai></li>#Newline	</random>#Newline	<condition name="plhasace">#Newline		<li value="Y"><srai>XADDPLAYERACE</srai></li>#Newline	</condition> #Newline</think>,blackjack.aiml
0,XBLACKP1,*,*,<think>#Newline	<srai>XADDPLAYER</srai>#Newline</think>,blackjack.aiml
0,XBLACKP2,*,*,<think>#Newline	<srai>XADDPLAYER</srai>#Newline	<srai>XADDPLAYER</srai>#Newline</think>,blackjack.aiml
0,XBLACKP5,*,*,<think>#Newline	<srai>XADDPLAYER</srai>#Newline	<srai>XADDPLAYER</srai>#Newline	<srai>XADDPLAYER</srai>#Newline	<srai>XADDPLAYER</srai>#Newline	<srai>XADDPLAYER</srai>#Newline</think>,blackjack.aiml
0,XADDPLAYER,*,*,<think>#Newline	<condition name="playertot"> #Newline		<li value="0"><set name="playertot">1</set></li>#Newline		<li value="1"><set name="playertot">2</set></li> #Newline		<li value="2"><set name="playertot">3</set></li> #Newline		<li value="3"><set name="playertot">4</set></li> #Newline		<li value="4"><set name="playertot">5</set></li> #Newline		<li value="5"><set name="playertot">6</set></li> #Newline		<li value="6"><set name="playertot">7</set></li> #Newline		<li value="7"><set name="playertot">8</set></li> #Newline		<li value="8"><set name="playertot">9</set></li> #Newline		<li value="9"><set name="playertot">10</set></li> #Newline		<li value="10"><set name="playertot">11</set></li>#Newline		<li value="11"><set name="playertot">12</set></li> #Newline		<li value="12"><set name="playertot">13</set></li> #Newline		<li value="13"><set name="playertot">14</set></li> #Newline		<li value="14"><set name="playertot">15</set></li> #Newline		<li value="15"><set name="playertot">16</set></li> #Newline		<li value="16"><set name="playertot">17</set></li> #Newline		<li value="17"><set name="playertot">18</set></li> #Newline		<li value="18"><set name="playertot">19</set></li> #Newline		<li value="19"><set name="playertot">20</set></li> #Newline		<li value="20"><set name="playertot">21</set></li>#Newline		<li value="21"><set name="playertot">BUST!!</set></li>#Newline	</condition>#Newline</think>,blackjack.aiml
0,XADDPLAYERACE,*,*,<think>#Newline	<set name="playerace"/>#Newline	<condition name="playertot"> #Newline		<li value="1"><set name="playerace"> OR 11</set></li>#Newline		<li value="2"><set name="playerace"> OR 12</set></li> #Newline		<li value="3"><set name="playerace"> OR 13</set></li> #Newline		<li value="4"><set name="playerace"> OR 14</set></li> #Newline		<li value="5"><set name="playerace"> OR 15</set></li> #Newline		<li value="6"><set name="playerace"> OR 16</set></li> #Newline		<li value="7"><set name="playerace"> OR 17</set></li> #Newline		<li value="8"><set name="playerace"> OR 18</set></li> #Newline		<li value="9"><set name="playerace"> OR 19</set></li> #Newline		<li value="10"><set name="playerace"> OR 20</set></li> #Newline		<li value="11"><set name="playerace"> OR 21</set></li>#Newline		<li value="12"><set name="plhasace"/></li> #Newline		<li value="13"><set name="plhasace"/></li> #Newline		<li value="14"><set name="plhasace"/></li> #Newline		<li value="15"><set name="plhasace"/></li> #Newline		<li value="16"><set name="plhasace"/></li> #Newline		<li value="17"><set name="plhasace"/></li> #Newline		<li value="18"><set name="plhasace"/></li> #Newline		<li value="19"><set name="plhasace"/></li> #Newline		<li value="20"><set name="plhasace"/></li> #Newline		<li value="21"><set name="plhasace"/></li>#Newline	</condition>#Newline</think>,blackjack.aiml
0,XDEALERCARD,*,*,<think>#Newline	<random>#Newline		<li><set name="dealerhand"><get name="dealerhand"/>A</set><set name="dlrhasace">Y</set><srai>XBLACKD1</srai></li>#Newline		<li><set name="dealerhand"><get name="dealerhand"/>2</set><srai>XBLACKD2</srai></li>#Newline		<li><set name="dealerhand"><get name="dealerhand"/>3</set><srai>XBLACKD2</srai><srai>XBLACKD1</srai></li>#Newline		<li><set name="dealerhand"><get name="dealerhand"/>4</set><srai>XBLACKD2</srai><srai>XBLACKD2</srai></li>#Newline		<li><set name="dealerhand"><get name="dealerhand"/>5</set><srai>XBLACKD5</srai></li>#Newline		<li><set name="dealerhand"><get name="dealerhand"/>6</set><srai>XBLACKD5</srai><srai>XBLACKD1</srai></li>#Newline		<li><set name="dealerhand"><get name="dealerhand"/>7</set><srai>XBLACKD5</srai><srai>XBLACKD2</srai></li>#Newline		<li><set name="dealerhand"><get name="dealerhand"/>8</set><srai>XBLACKD5</srai><srai>XBLACKD2</srai><srai>XBLACKD1</srai></li>#Newline		<li><set name="dealerhand"><get name="dealerhand"/>9</set><srai>XBLACKD5</srai><srai>XBLACKD2</srai><srai>XBLACKD2</srai></li>#Newline		<li><set name="dealerhand"><get name="dealerhand"/>10</set><srai>XBLACKD5</srai><srai>XBLACKD5</srai></li>#Newline		<li><set name="dealerhand"><get name="dealerhand"/>J</set><srai>XBLACKD5</srai><srai>XBLACKD5</srai></li>#Newline		<li><set name="dealerhand"><get name="dealerhand"/>Q</set><srai>XBLACKD5</srai><srai>XBLACKD5</srai></li>#Newline		<li><set name="dealerhand"><get name="dealerhand"/>K</set><srai>XBLACKD5</srai><srai>XBLACKD5</srai></li>#Newline	</random>#Newline	<condition name="dlrhasace">#Newline		<li value="Y"><srai>XADDDEALERACE</srai></li>#Newline	</condition> #Newline</think>,blackjack.aiml
0,XBLACKD1,*,*,<think>#Newline	<srai>XADDDEALER</srai>#Newline</think>,blackjack.aiml
0,XBLACKD2,*,*,<think>#Newline	<srai>XADDDEALER</srai>#Newline	<srai>XADDDEALER</srai>#Newline</think>,blackjack.aiml
0,XBLACKD5,*,*,<think>#Newline	<srai>XADDDEALER</srai>#Newline	<srai>XADDDEALER</srai>#Newline	<srai>XADDDEALER</srai>#Newline	<srai>XADDDEALER</srai>#Newline	<srai>XADDDEALER</srai>#Newline</think>,blackjack.aiml
0,XADDDEALER,*,*,<think>#Newline	<condition name="dealertot"> #Newline		<li value="0"><set name="dealertot">1</set></li>#Newline		<li value="1"><set name="dealertot">2</set></li> #Newline		<li value="2"><set name="dealertot">3</set></li> #Newline		<li value="3"><set name="dealertot">4</set></li> #Newline		<li value="4"><set name="dealertot">5</set></li> #Newline		<li value="5"><set name="dealertot">6</set></li> #Newline		<li value="6"><set name="dealertot">7</set></li> #Newline		<li value="7"><set name="dealertot">8</set></li> #Newline		<li value="8"><set name="dealertot">9</set></li> #Newline		<li value="9"><set name="dealertot">10</set></li> #Newline		<li value="10"><set name="dealertot">11</set></li>#Newline		<li value="11"><set name="dealertot">12</set></li> #Newline		<li value="12"><set name="dealertot">13</set></li> #Newline		<li value="13"><set name="dealertot">14</set></li> #Newline		<li value="14"><set name="dealertot">15</set></li> #Newline		<li value="15"><set name="dealertot">16</set></li> #Newline		<li value="16"><set name="dealertot">17</set><set name="dlrfinish">Y</set></li> #Newline		<li value="17"><set name="dealertot">18</set><set name="dlrfinish">Y</set></li> #Newline		<li value="18"><set name="dealertot">19</set><set name="dlrfinish">Y</set></li> #Newline		<li value="19"><set name="dealertot">20</set><set name="dlrfinish">Y</set></li> #Newline		<li value="20"><set name="dealertot">21</set><set name="dlrfinish">Y</set></li>#Newline		<li value="21"><set name="dealertot">BUST!!</set><set name="dlrfinish">Y</set></li>#Newline	</condition>#Newline</think>,blackjack.aiml
0,XADDDEALERACE,*,*,<think>#Newline	<set name="dealerace"/>#Newline	<condition name="dealertot"> #Newline		<li value="1"><set name="dealerace"> OR 11</set></li>#Newline		<li value="2"><set name="dealerace"> OR 12</set></li> #Newline		<li value="3"><set name="dealerace"> OR 13</set></li> #Newline		<li value="4"><set name="dealerace"> OR 14</set></li> #Newline		<li value="5"><set name="dealerace"> OR 15</set></li> #Newline		<li value="6"><set name="dealerace"> OR 16</set></li> #Newline		<li value="7"><set name="dealerace"/><set name="dealertot">17</set><set name="dlrfinish">Y</set></li> #Newline		<li value="8"><set name="dealerace"/><set name="dealertot">18</set><set name="dlrfinish">Y</set></li> #Newline		<li value="9"><set name="dealerace"/><set name="dealertot">19</set><set name="dlrfinish">Y</set></li> #Newline		<li value="10"><set name="dealerace"/><set name="dealertot">20</set><set name="dlrfinish">Y</set></li> #Newline		<li value="11"><set name="dealerace"/><set name="dealertot">21</set><set name="dlrfinish">Y</set></li>#Newline	</condition>#Newline</think>,blackjack.aiml
0,S,TYPE H TO HIT *,*,<srai>XDEALERCARD1</srai>,blackjack.aiml
0,XDEALERCARD1,*,*,<condition name="dlrfinish">#Newline	<li value="N"><srai>XDEALERCARD</srai><srai>XDEALERCARD1</srai></li>#Newline	<li value="Y"><srai>XDEALERFINISH</srai></li>#Newline</condition>,blackjack.aiml
0,XDEALERFINISH,*,*,<think>#Newline	<condition name="plhasace">#Newline		<li value="Y"><srai>XBLACKP5</srai><srai>XBLACKP5</srai><srai>XADDPLAYERACE</srai></li>#Newline	</condition>#Newline	<srai>XWHOWON</srai>#Newline	<condition name="bjwin"> #Newline		<li value="LOSE"><srai>LOSEBET</srai></li>#Newline		<li value="WIN"><srai>WINBET</srai></li>#Newline		<li value="BJWIN"><srai>WINBET</srai><srai>BJBONUS</srai></li>#Newline	</condition> #Newline</think>#NewlineDEALER: <get name="dealerhand"/><br/><get name="dealertot"/><get name="dealerace"/>.<br/><br/>#NewlinePLAYER: <get name="playerhand"/><br/><get name="playertot"/><get name="playerace"/>.<br/><br/>#Newline<get name="bjresult"/><br/>#NewlineBank: <get name="coins"/> <get name="bankcoin"/>.<br/><br/>#Newline<srai>XBJCHECKGAMEOVER</srai>#Newline<get name="bjmessage"/>,blackjack.aiml
0,XWHOWON,*,*,<think>#Newline	<set name="debj">NO</set>#Newline	<set name="plbj">NO</set>#Newline	<condition name="dealerhand">#Newline		<li value="10 A"><set name="debj">BJ</set></li>#Newline		<li value="J A"><set name="debj">BJ</set></li>#Newline		<li value="Q A"><set name="debj">BJ</set></li>#Newline		<li value="K A"><set name="debj">BJ</set></li>#Newline		<li value="A 10"><set name="debj">BJ</set></li>#Newline		<li value="A J"><set name="debj">BJ</set></li>#Newline		<li value="A Q"><set name="debj">BJ</set></li>#Newline		<li value="A K"><set name="debj">BJ</set></li>#Newline	</condition> #Newline	<condition name="playerhand">#Newline		<li value="10 A"><set name="plbj">BJ</set></li>#Newline		<li value="J A"><set name="plbj">BJ</set></li>#Newline		<li value="Q A"><set name="plbj">BJ</set></li>#Newline		<li value="K A"><set name="plbj">BJ</set></li>#Newline		<li value="A 10"><set name="plbj">BJ</set></li>#Newline		<li value="A J"><set name="plbj">BJ</set></li>#Newline		<li value="A Q"><set name="plbj">BJ</set></li>#Newline		<li value="A K"><set name="plbj">BJ</set></li>#Newline	</condition> #Newline	<set name="bjresult">You lose <get name="plstake"/> <get name="playcoin"/>!.</set>#Newline	<set name="bjwin">LOSE</set>#Newline	<set name="bjcheck"><get name="dealertot"/><get name="playertot"/></set>#Newline	<condition name="bjcheck"> #Newline		<li value="17 17"><set name="bjresult">Push.</set><set name="bjwin">PUSH</set></li>#Newline		<li value="17 18"><set name="bjresult">You win <get name="plstake"/> <get name="playcoin"/>!</set><set name="bjwin">WIN</set></li>#Newline		<li value="17 19"><set name="bjresult">You win <get name="plstake"/> <get name="playcoin"/>!</set><set name="bjwin">WIN</set></li>#Newline		<li value="17 20"><set name="bjresult">You win <get name="plstake"/> <get name="playcoin"/>!</set><set name="bjwin">WIN</set></li>#Newline		<li value="17 21"><set name="bjresult">You win <get name="plstake"/> <get name="playcoin"/>!</set><set name="bjwin">WIN</set></li>#Newline		<li value="18 18"><set name="bjresult">Push.</set><set name="bjwin">PUSH</set></li>#Newline		<li value="18 19"><set name="bjresult">You win <get name="plstake"/> <get name="playcoin"/>!</set><set name="bjwin">WIN</set></li>#Newline		<li value="18 20"><set name="bjresult">You win <get name="plstake"/> <get name="playcoin"/>!</set><set name="bjwin">WIN</set></li>#Newline		<li value="18 21"><set name="bjresult">You win <get name="plstake"/> <get name="playcoin"/>!</set><set name="bjwin">WIN</set></li>#Newline		<li value="19 19"><set name="bjresult">Push.</set><set name="bjwin">PUSH</set></li>#Newline		<li value="19 20"><set name="bjresult">You win <get name="plstake"/> <get name="playcoin"/>!</set><set name="bjwin">WIN</set></li>#Newline		<li value="19 21"><set name="bjresult">You win <get name="plstake"/> <get name="playcoin"/>!</set><set name="bjwin">WIN</set></li>#Newline		<li value="20 20"><set name="bjresult">Push.</set><set name="bjwin">PUSH</set></li>#Newline		<li value="20 21"><set name="bjresult">You win <get name="plstake"/> <get name="playcoin"/>!</set><set name="bjwin">WIN</set></li>#Newline		<li value="21 21"><set name="bjresult">Push.</set><set name="bjwin">PUSH</set></li>#Newline	</condition> #Newline	<condition name="dealertot">#Newline		<li value="BUST"><set name="bjresult">You win <get name="plstake"/> <get name="playcoin"/>!</set><set name="bjwin">WIN</set></li>#Newline	</condition> #Newline	<set name="bjcheck"><get name="debj"/><get name="plbj"/></set>#Newline	<condition name="bjcheck"> #Newline		<li value="BJ NO"><set name="bjresult">Dealer has Blackjack. You lose <get name="plstake"/> <get name="playcoin"/>.</set><set name="bjwin">LOSE</set></li>#Newline		<li value="NO BJ"><set name="bjresult">Player has Blackjack. You win <get name="plbjwin"/> coins!</set><set name="bjwin">BJWIN</set></li>#Newline		<li value="BJ BJ"><set name="bjresult">Player and Dealer have Blackjack. Push.</set><set name="bjwin">PUSH</set></li>#Newline	</condition> #Newline</think>,blackjack.aiml
0,WINBET,*,*,<think>#Newline	<condition name="plbet"> #Newline		<li value="1"><srai>XBJADD1</srai></li>#Newline		<li value="2"><srai>XBJADD1</srai><srai>XBJADD1</srai></li>#Newline		<li value="3"><srai>XBJADD1</srai><srai>XBJADD1</srai><srai>XBJADD1</srai></li>#Newline		<li value="4"><srai>XBJADD1</srai><srai>XBJADD1</srai><srai>XBJADD1</srai><srai>XBJADD1</srai></li>#Newline		<li value="5"><srai>XBJADD5</srai></li>#Newline		<li value="6"><srai>XBJADD5</srai><srai>XBJADD1</srai></li>#Newline		<li value="7"><srai>XBJADD5</srai><srai>XBJADD1</srai><srai>XBJADD1</srai></li>#Newline		<li value="8"><srai>XBJADD5</srai><srai>XBJADD1</srai><srai>XBJADD1</srai><srai>XBJADD1</srai></li>#Newline		<li value="9"><srai>XBJADD5</srai><srai>XBJADD1</srai><srai>XBJADD1</srai><srai>XBJADD1</srai><srai>XBJADD1</srai></li>#Newline		<li value="10"><srai>XBJADD5</srai><srai>XBJADD5</srai></li>#Newline	</condition>#Newline	<condition name="pldouble">#Newline		<li value="YES"><set name="pldouble">NO</set><srai>WINBET</srai></li>#Newline	</condition> #Newline</think>,blackjack.aiml
0,BJBONUS,*,*,<think>#Newline	<condition name="plbet"> #Newline		<li value="1"><srai>XBJADD1</srai></li>#Newline		<li value="2"><srai>XBJADD1</srai></li>#Newline		<li value="3"><srai>XBJADD1</srai><srai>XBJADD1</srai></li>#Newline		<li value="4"><srai>XBJADD1</srai><srai>XBJADD1</srai></li>#Newline		<li value="5"><srai>XBJADD1</srai><srai>XBJADD1</srai><srai>XBJADD1</srai></li>#Newline		<li value="6"><srai>XBJADD1</srai><srai>XBJADD1</srai><srai>XBJADD1</srai></li>#Newline		<li value="7"><srai>XBJADD1</srai><srai>XBJADD1</srai><srai>XBJADD1</srai><srai>XBJADD1</srai></li>#Newline		<li value="8"><srai>XBJADD1</srai><srai>XBJADD1</srai><srai>XBJADD1</srai><srai>XBJADD1</srai></li>#Newline		<li value="9"><srai>XBJADD5</srai></li>#Newline		<li value="10"><srai>XBJADD5</srai></li>#Newline	</condition>#Newline</think>,blackjack.aiml
0,LOSEBET,*,*,<think>#Newline	<condition name="plbet"> #Newline		<li value="1"><srai>XBJSUB1</srai></li>#Newline		<li value="2"><srai>XBJSUB1</srai><srai>XBJSUB1</srai></li>#Newline		<li value="3"><srai>XBJSUB1</srai><srai>XBJSUB1</srai><srai>XBJSUB1</srai></li>#Newline		<li value="4"><srai>XBJSUB1</srai><srai>XBJSUB1</srai><srai>XBJSUB1</srai><srai>XBJSUB1</srai></li>#Newline		<li value="5"><srai>XBJSUB5</srai></li>#Newline		<li value="6"><srai>XBJSUB5</srai><srai>XBJSUB1</srai></li>#Newline		<li value="7"><srai>XBJSUB5</srai><srai>XBJSUB1</srai><srai>XBJSUB1</srai></li>#Newline		<li value="8"><srai>XBJSUB5</srai><srai>XBJSUB1</srai><srai>XBJSUB1</srai><srai>XBJSUB1</srai></li>#Newline		<li value="9"><srai>XBJSUB5</srai><srai>XBJSUB1</srai><srai>XBJSUB1</srai><srai>XBJSUB1</srai><srai>XBJSUB1</srai></li>#Newline		<li value="10"><srai>XBJSUB5</srai><srai>XBJSUB5</srai></li>#Newline	</condition>#Newline	<condition name="pldouble">#Newline		<li value="YES"><set name="pldouble">NO</set><srai>LOSEBET</srai></li>#Newline	</condition> #Newline	<set name="bankcoin">coins</set>#Newline	<condition name="coins"> #Newline		<li value="1"><set name="bankcoin">coin</set></li>#Newline	</condition>#Newline</think>,blackjack.aiml
0,XBJADD5,*,*,<srai>XBJADD1</srai>#Newline	<srai>XBJADD1</srai>#Newline	<srai>XBJADD1</srai>#Newline	<srai>XBJADD1</srai>#Newline	<srai>XBJADD1</srai>,blackjack.aiml
0,XBJADD15,*,*,<srai>XBJADD5</srai>#Newline	<srai>XBJADD5</srai>#Newline	<srai>XBJADD5</srai>,blackjack.aiml
0,XBJSUB5,*,*,<srai>XBJSUB1</srai>#Newline	<srai>XBJSUB1</srai>#Newline	<srai>XBJSUB1</srai>#Newline	<srai>XBJSUB1</srai>#Newline	<srai>XBJSUB1</srai>,blackjack.aiml
0,XBJSUB15,*,*,<srai>XBJSUB5</srai>#Newline	<srai>XBJSUB5</srai>#Newline	<srai>XBJSUB5</srai>,blackjack.aiml
0,XBJCHECKGAMEOVER,*,*,<think>#Newline	<set name="bjmessage">Type D to deal.</set>#Newline	<condition name="coins"> #Newline		<li value="0"><set name="bjmessage">B A N K R U P T ! ! !<br/>GAME OVER</set></li>#Newline		<li value="250"><set name="bjmessage">CONGRATULATIONS! YOU HAVE BROKEN THE BANK!!!!<br/>GAME OVER</set></li> #Newline	</condition>#Newline</think>,blackjack.aiml
0,XBJADD1,*,*,<think>#Newline	<condition name="coins"> #Newline		<li value="0"><set name="coins">1</set></li>#Newline		<li value="1"><set name="coins">2</set></li> #Newline		<li value="2"><set name="coins">3</set></li> #Newline		<li value="3"><set name="coins">4</set></li> #Newline		<li value="4"><set name="coins">5</set></li> #Newline		<li value="5"><set name="coins">6</set></li> #Newline		<li value="6"><set name="coins">7</set></li> #Newline		<li value="7"><set name="coins">8</set></li> #Newline		<li value="8"><set name="coins">9</set></li> #Newline		<li value="9"><set name="coins">10</set></li> #Newline		<li value="10"><set name="coins">11</set></li>#Newline		<li value="11"><set name="coins">12</set></li> #Newline		<li value="12"><set name="coins">13</set></li> #Newline		<li value="13"><set name="coins">14</set></li> #Newline		<li value="14"><set name="coins">15</set></li> #Newline		<li value="15"><set name="coins">16</set></li> #Newline		<li value="16"><set name="coins">17</set></li> #Newline		<li value="17"><set name="coins">18</set></li> #Newline		<li value="18"><set name="coins">19</set></li> #Newline		<li value="19"><set name="coins">20</set></li> #Newline		<li value="20"><set name="coins">21</set></li>#Newline		<li value="21"><set name="coins">22</set></li> #Newline		<li value="22"><set name="coins">23</set></li> #Newline		<li value="23"><set name="coins">24</set></li> #Newline		<li value="24"><set name="coins">25</set></li> #Newline		<li value="25"><set name="coins">26</set></li> #Newline		<li value="26"><set name="coins">27</set></li> #Newline		<li value="27"><set name="coins">28</set></li> #Newline		<li value="28"><set name="coins">29</set></li> #Newline		<li value="29"><set name="coins">30</set></li> #Newline		<li value="30"><set name="coins">31</set></li>#Newline		<li value="31"><set name="coins">32</set></li> #Newline		<li value="32"><set name="coins">33</set></li> #Newline		<li value="33"><set name="coins">34</set></li> #Newline		<li value="34"><set name="coins">35</set></li> #Newline		<li value="35"><set name="coins">36</set></li> #Newline		<li value="36"><set name="coins">37</set></li> #Newline		<li value="37"><set name="coins">38</set></li> #Newline		<li value="38"><set name="coins">39</set></li> #Newline		<li value="39"><set name="coins">40</set></li> #Newline		<li value="40"><set name="coins">41</set></li>#Newline		<li value="41"><set name="coins">42</set></li> #Newline		<li value="42"><set name="coins">43</set></li> #Newline		<li value="43"><set name="coins">44</set></li> #Newline		<li value="44"><set name="coins">45</set></li> #Newline		<li value="45"><set name="coins">46</set></li> #Newline		<li value="46"><set name="coins">47</set></li> #Newline		<li value="47"><set name="coins">48</set></li> #Newline		<li value="48"><set name="coins">49</set></li> #Newline		<li value="49"><set name="coins">50</set></li> #Newline		<li value="50"><set name="coins">51</set></li>#Newline		<li value="51"><set name="coins">52</set></li> #Newline		<li value="52"><set name="coins">53</set></li> #Newline		<li value="53"><set name="coins">54</set></li> #Newline		<li value="54"><set name="coins">55</set></li> #Newline		<li value="55"><set name="coins">56</set></li> #Newline		<li value="56"><set name="coins">57</set></li> #Newline		<li value="57"><set name="coins">58</set></li> #Newline		<li value="58"><set name="coins">59</set></li> #Newline		<li value="59"><set name="coins">60</set></li> #Newline		<li value="60"><set name="coins">61</set></li>#Newline		<li value="61"><set name="coins">62</set></li> #Newline		<li value="62"><set name="coins">63</set></li> #Newline		<li value="63"><set name="coins">64</set></li> #Newline		<li value="64"><set name="coins">65</set></li> #Newline		<li value="65"><set name="coins">66</set></li> #Newline		<li value="66"><set name="coins">67</set></li> #Newline		<li value="67"><set name="coins">68</set></li> #Newline		<li value="68"><set name="coins">69</set></li> #Newline		<li value="69"><set name="coins">70</set></li> #Newline		<li value="70"><set name="coins">71</set></li>#Newline		<li value="71"><set name="coins">72</set></li> #Newline		<li value="72"><set name="coins">73</set></li> #Newline		<li value="73"><set name="coins">74</set></li> #Newline		<li value="74"><set name="coins">75</set></li> #Newline		<li value="75"><set name="coins">76</set></li> #Newline		<li value="76"><set name="coins">77</set></li> #Newline		<li value="77"><set name="coins">78</set></li> #Newline		<li value="78"><set name="coins">79</set></li> #Newline		<li value="79"><set name="coins">80</set></li> #Newline		<li value="80"><set name="coins">81</set></li>#Newline		<li value="81"><set name="coins">82</set></li> #Newline		<li value="82"><set name="coins">83</set></li> #Newline		<li value="83"><set name="coins">84</set></li> #Newline		<li value="84"><set name="coins">85</set></li> #Newline		<li value="85"><set name="coins">86</set></li> #Newline		<li value="86"><set name="coins">87</set></li> #Newline		<li value="87"><set name="coins">88</set></li> #Newline		<li value="88"><set name="coins">89</set></li> #Newline		<li value="89"><set name="coins">90</set></li> #Newline		<li value="90"><set name="coins">91</set></li>#Newline		<li value="91"><set name="coins">92</set></li> #Newline		<li value="92"><set name="coins">93</set></li> #Newline		<li value="93"><set name="coins">94</set></li> #Newline		<li value="94"><set name="coins">95</set></li> #Newline		<li value="95"><set name="coins">96</set></li> #Newline		<li value="96"><set name="coins">97</set></li> #Newline		<li value="97"><set name="coins">98</set></li> #Newline		<li value="98"><set name="coins">99</set></li> #Newline		<li value="99"><set name="coins">100</set></li> #Newline		<li value="100"><set name="coins">101</set></li>#Newline		<li value="101"><set name="coins">102</set></li> #Newline		<li value="102"><set name="coins">103</set></li> #Newline		<li value="103"><set name="coins">104</set></li> #Newline		<li value="104"><set name="coins">105</set></li> #Newline		<li value="105"><set name="coins">106</set></li> #Newline		<li value="106"><set name="coins">107</set></li> #Newline		<li value="107"><set name="coins">108</set></li> #Newline		<li value="108"><set name="coins">109</set></li> #Newline		<li value="109"><set name="coins">110</set></li> #Newline		<li value="110"><set name="coins">111</set></li>#Newline		<li value="111"><set name="coins">112</set></li> #Newline		<li value="112"><set name="coins">113</set></li> #Newline		<li value="113"><set name="coins">114</set></li> #Newline		<li value="114"><set name="coins">115</set></li> #Newline		<li value="115"><set name="coins">116</set></li> #Newline		<li value="116"><set name="coins">117</set></li> #Newline		<li value="117"><set name="coins">118</set></li> #Newline		<li value="118"><set name="coins">119</set></li> #Newline		<li value="119"><set name="coins">120</set></li> #Newline		<li value="120"><set name="coins">121</set></li>#Newline		<li value="121"><set name="coins">122</set></li> #Newline		<li value="122"><set name="coins">123</set></li> #Newline		<li value="123"><set name="coins">124</set></li> #Newline		<li value="124"><set name="coins">125</set></li> #Newline		<li value="125"><set name="coins">126</set></li> #Newline		<li value="126"><set name="coins">127</set></li> #Newline		<li value="127"><set name="coins">128</set></li> #Newline		<li value="128"><set name="coins">129</set></li> #Newline		<li value="129"><set name="coins">130</set></li> #Newline		<li value="130"><set name="coins">131</set></li>#Newline		<li value="131"><set name="coins">132</set></li> #Newline		<li value="132"><set name="coins">133</set></li> #Newline		<li value="133"><set name="coins">134</set></li> #Newline		<li value="134"><set name="coins">135</set></li> #Newline		<li value="135"><set name="coins">136</set></li> #Newline		<li value="136"><set name="coins">137</set></li> #Newline		<li value="137"><set name="coins">138</set></li> #Newline		<li value="138"><set name="coins">139</set></li> #Newline		<li value="139"><set name="coins">140</set></li> #Newline		<li value="140"><set name="coins">141</set></li>#Newline		<li value="141"><set name="coins">142</set></li> #Newline		<li value="142"><set name="coins">143</set></li> #Newline		<li value="143"><set name="coins">144</set></li> #Newline		<li value="144"><set name="coins">145</set></li> #Newline		<li value="145"><set name="coins">146</set></li> #Newline		<li value="146"><set name="coins">147</set></li> #Newline		<li value="147"><set name="coins">148</set></li> #Newline		<li value="148"><set name="coins">149</set></li> #Newline		<li value="149"><set name="coins">150</set></li> #Newline		<li value="150"><set name="coins">151</set></li>#Newline		<li value="151"><set name="coins">152</set></li> #Newline		<li value="152"><set name="coins">153</set></li> #Newline		<li value="153"><set name="coins">154</set></li> #Newline		<li value="154"><set name="coins">155</set></li> #Newline		<li value="155"><set name="coins">156</set></li> #Newline		<li value="156"><set name="coins">157</set></li> #Newline		<li value="157"><set name="coins">158</set></li> #Newline		<li value="158"><set name="coins">159</set></li> #Newline		<li value="159"><set name="coins">160</set></li> #Newline		<li value="160"><set name="coins">161</set></li>#Newline		<li value="161"><set name="coins">162</set></li> #Newline		<li value="162"><set name="coins">163</set></li> #Newline		<li value="163"><set name="coins">164</set></li> #Newline		<li value="164"><set name="coins">165</set></li> #Newline		<li value="165"><set name="coins">166</set></li> #Newline		<li value="166"><set name="coins">167</set></li> #Newline		<li value="167"><set name="coins">168</set></li> #Newline		<li value="168"><set name="coins">169</set></li> #Newline		<li value="169"><set name="coins">170</set></li> #Newline		<li value="170"><set name="coins">171</set></li>#Newline		<li value="171"><set name="coins">172</set></li> #Newline		<li value="172"><set name="coins">173</set></li> #Newline		<li value="173"><set name="coins">174</set></li> #Newline		<li value="174"><set name="coins">175</set></li> #Newline		<li value="175"><set name="coins">176</set></li> #Newline		<li value="176"><set name="coins">177</set></li> #Newline		<li value="177"><set name="coins">178</set></li> #Newline		<li value="178"><set name="coins">179</set></li> #Newline		<li value="179"><set name="coins">180</set></li> #Newline		<li value="180"><set name="coins">181</set></li>#Newline		<li value="181"><set name="coins">182</set></li> #Newline		<li value="182"><set name="coins">183</set></li> #Newline		<li value="183"><set name="coins">184</set></li> #Newline		<li value="184"><set name="coins">185</set></li> #Newline		<li value="185"><set name="coins">186</set></li> #Newline		<li value="186"><set name="coins">187</set></li> #Newline		<li value="187"><set name="coins">188</set></li> #Newline		<li value="188"><set name="coins">189</set></li> #Newline		<li value="189"><set name="coins">190</set></li> #Newline		<li value="190"><set name="coins">191</set></li>#Newline		<li value="191"><set name="coins">192</set></li> #Newline		<li value="192"><set name="coins">193</set></li> #Newline		<li value="193"><set name="coins">194</set></li> #Newline		<li value="194"><set name="coins">195</set></li> #Newline		<li value="195"><set name="coins">196</set></li> #Newline		<li value="196"><set name="coins">197</set></li> #Newline		<li value="197"><set name="coins">198</set></li> #Newline		<li value="198"><set name="coins">199</set></li> #Newline		<li value="199"><set name="coins">200</set></li> #Newline		<li value="200"><set name="coins">201</set></li>#Newline		<li value="201"><set name="coins">202</set></li> #Newline		<li value="202"><set name="coins">203</set></li> #Newline		<li value="203"><set name="coins">204</set></li> #Newline		<li value="204"><set name="coins">205</set></li> #Newline		<li value="205"><set name="coins">206</set></li> #Newline		<li value="206"><set name="coins">207</set></li> #Newline		<li value="207"><set name="coins">208</set></li> #Newline		<li value="208"><set name="coins">209</set></li> #Newline		<li value="209"><set name="coins">210</set></li> #Newline		<li value="210"><set name="coins">211</set></li>#Newline		<li value="211"><set name="coins">212</set></li> #Newline		<li value="212"><set name="coins">213</set></li> #Newline		<li value="213"><set name="coins">214</set></li> #Newline		<li value="214"><set name="coins">215</set></li> #Newline		<li value="215"><set name="coins">216</set></li> #Newline		<li value="216"><set name="coins">217</set></li> #Newline		<li value="217"><set name="coins">218</set></li> #Newline		<li value="218"><set name="coins">219</set></li> #Newline		<li value="219"><set name="coins">220</set></li> #Newline		<li value="220"><set name="coins">221</set></li>#Newline		<li value="221"><set name="coins">222</set></li> #Newline		<li value="222"><set name="coins">223</set></li> #Newline		<li value="223"><set name="coins">224</set></li> #Newline		<li value="224"><set name="coins">225</set></li> #Newline		<li value="225"><set name="coins">226</set></li> #Newline		<li value="226"><set name="coins">227</set></li> #Newline		<li value="227"><set name="coins">228</set></li> #Newline		<li value="228"><set name="coins">229</set></li> #Newline		<li value="229"><set name="coins">230</set></li> #Newline		<li value="230"><set name="coins">231</set></li>#Newline		<li value="231"><set name="coins">232</set></li> #Newline		<li value="232"><set name="coins">233</set></li> #Newline		<li value="233"><set name="coins">234</set></li> #Newline		<li value="234"><set name="coins">235</set></li> #Newline		<li value="235"><set name="coins">236</set></li> #Newline		<li value="236"><set name="coins">237</set></li> #Newline		<li value="237"><set name="coins">238</set></li> #Newline		<li value="238"><set name="coins">239</set></li> #Newline		<li value="239"><set name="coins">240</set></li> #Newline		<li value="240"><set name="coins">241</set></li>#Newline		<li value="241"><set name="coins">242</set></li> #Newline		<li value="242"><set name="coins">243</set></li> #Newline		<li value="243"><set name="coins">244</set></li> #Newline		<li value="244"><set name="coins">245</set></li> #Newline		<li value="245"><set name="coins">246</set></li> #Newline		<li value="246"><set name="coins">247</set></li> #Newline		<li value="247"><set name="coins">248</set></li> #Newline		<li value="248"><set name="coins">249</set></li> #Newline		<li value="249"><set name="coins">250</set></li> #Newline	</condition>#Newline</think>,blackjack.aiml
0,XBJSUB1,*,*,<think>#Newline	<condition name="coins">#Newline		<li value="249"><set name="coins">248</set></li>#Newline		<li value="248"><set name="coins">247</set></li> #Newline		<li value="247"><set name="coins">246</set></li> #Newline		<li value="246"><set name="coins">245</set></li> #Newline		<li value="245"><set name="coins">244</set></li> #Newline		<li value="244"><set name="coins">243</set></li> #Newline		<li value="243"><set name="coins">242</set></li> #Newline		<li value="242"><set name="coins">241</set></li> #Newline		<li value="241"><set name="coins">240</set></li> #Newline		<li value="240"><set name="coins">239</set></li> #Newline		<li value="239"><set name="coins">238</set></li>#Newline		<li value="238"><set name="coins">237</set></li> #Newline		<li value="237"><set name="coins">236</set></li> #Newline		<li value="236"><set name="coins">235</set></li> #Newline		<li value="235"><set name="coins">234</set></li> #Newline		<li value="234"><set name="coins">233</set></li> #Newline		<li value="233"><set name="coins">232</set></li> #Newline		<li value="232"><set name="coins">231</set></li> #Newline		<li value="231"><set name="coins">230</set></li> #Newline		<li value="230"><set name="coins">229</set></li>#Newline		<li value="229"><set name="coins">228</set></li>#Newline		<li value="228"><set name="coins">227</set></li> #Newline		<li value="227"><set name="coins">226</set></li> #Newline		<li value="226"><set name="coins">225</set></li> #Newline		<li value="225"><set name="coins">224</set></li> #Newline		<li value="224"><set name="coins">223</set></li> #Newline		<li value="223"><set name="coins">222</set></li> #Newline		<li value="222"><set name="coins">221</set></li> #Newline		<li value="221"><set name="coins">220</set></li> #Newline		<li value="220"><set name="coins">219</set></li> #Newline		<li value="219"><set name="coins">218</set></li>#Newline		<li value="218"><set name="coins">217</set></li> #Newline		<li value="217"><set name="coins">216</set></li> #Newline		<li value="216"><set name="coins">215</set></li> #Newline		<li value="215"><set name="coins">214</set></li> #Newline		<li value="214"><set name="coins">213</set></li> #Newline		<li value="213"><set name="coins">212</set></li> #Newline		<li value="212"><set name="coins">211</set></li> #Newline		<li value="211"><set name="coins">210</set></li> #Newline		<li value="210"><set name="coins">209</set></li> #Newline		<li value="209"><set name="coins">208</set></li>#Newline		<li value="208"><set name="coins">207</set></li> #Newline		<li value="207"><set name="coins">206</set></li> #Newline		<li value="206"><set name="coins">205</set></li> #Newline		<li value="205"><set name="coins">204</set></li> #Newline		<li value="204"><set name="coins">203</set></li> #Newline		<li value="203"><set name="coins">202</set></li> #Newline		<li value="202"><set name="coins">201</set></li> #Newline		<li value="201"><set name="coins">200</set></li> #Newline		<li value="200"><set name="coins">199</set></li> #Newline		<li value="199"><set name="coins">198</set></li>#Newline		<li value="198"><set name="coins">197</set></li> #Newline		<li value="197"><set name="coins">196</set></li> #Newline		<li value="196"><set name="coins">195</set></li> #Newline		<li value="195"><set name="coins">194</set></li> #Newline		<li value="194"><set name="coins">193</set></li> #Newline		<li value="193"><set name="coins">192</set></li> #Newline		<li value="192"><set name="coins">191</set></li> #Newline		<li value="191"><set name="coins">190</set></li> #Newline		<li value="190"><set name="coins">189</set></li> #Newline		<li value="189"><set name="coins">188</set></li>#Newline		<li value="188"><set name="coins">187</set></li> #Newline		<li value="187"><set name="coins">186</set></li> #Newline		<li value="186"><set name="coins">185</set></li> #Newline		<li value="185"><set name="coins">184</set></li> #Newline		<li value="184"><set name="coins">183</set></li> #Newline		<li value="183"><set name="coins">182</set></li> #Newline		<li value="182"><set name="coins">181</set></li> #Newline		<li value="181"><set name="coins">180</set></li> #Newline		<li value="180"><set name="coins">179</set></li>#Newline		<li value="179"><set name="coins">178</set></li>#Newline		<li value="178"><set name="coins">177</set></li> #Newline		<li value="177"><set name="coins">176</set></li> #Newline		<li value="176"><set name="coins">175</set></li> #Newline		<li value="175"><set name="coins">174</set></li> #Newline		<li value="174"><set name="coins">173</set></li> #Newline		<li value="173"><set name="coins">172</set></li> #Newline		<li value="172"><set name="coins">171</set></li> #Newline		<li value="171"><set name="coins">170</set></li> #Newline		<li value="170"><set name="coins">169</set></li> #Newline		<li value="169"><set name="coins">168</set></li>#Newline		<li value="168"><set name="coins">167</set></li> #Newline		<li value="167"><set name="coins">166</set></li> #Newline		<li value="166"><set name="coins">165</set></li> #Newline		<li value="165"><set name="coins">164</set></li> #Newline		<li value="164"><set name="coins">163</set></li> #Newline		<li value="163"><set name="coins">162</set></li> #Newline		<li value="162"><set name="coins">161</set></li> #Newline		<li value="161"><set name="coins">160</set></li> #Newline		<li value="160"><set name="coins">159</set></li> #Newline		<li value="159"><set name="coins">158</set></li>#Newline		<li value="158"><set name="coins">157</set></li> #Newline		<li value="157"><set name="coins">156</set></li> #Newline		<li value="156"><set name="coins">155</set></li> #Newline		<li value="155"><set name="coins">154</set></li> #Newline		<li value="154"><set name="coins">153</set></li> #Newline		<li value="153"><set name="coins">152</set></li> #Newline		<li value="152"><set name="coins">151</set></li> #Newline		<li value="151"><set name="coins">150</set></li> #Newline		<li value="150"><set name="coins">149</set></li> #Newline		<li value="149"><set name="coins">148</set></li>#Newline		<li value="148"><set name="coins">147</set></li> #Newline		<li value="147"><set name="coins">146</set></li> #Newline		<li value="146"><set name="coins">145</set></li> #Newline		<li value="145"><set name="coins">144</set></li> #Newline		<li value="144"><set name="coins">143</set></li> #Newline		<li value="143"><set name="coins">142</set></li> #Newline		<li value="142"><set name="coins">141</set></li> #Newline		<li value="141"><set name="coins">140</set></li> #Newline		<li value="140"><set name="coins">139</set></li> #Newline		<li value="139"><set name="coins">138</set></li>#Newline		<li value="138"><set name="coins">137</set></li> #Newline		<li value="137"><set name="coins">136</set></li> #Newline		<li value="136"><set name="coins">135</set></li> #Newline		<li value="135"><set name="coins">134</set></li> #Newline		<li value="134"><set name="coins">133</set></li> #Newline		<li value="133"><set name="coins">132</set></li> #Newline		<li value="132"><set name="coins">131</set></li> #Newline		<li value="131"><set name="coins">130</set></li> #Newline		<li value="130"><set name="coins">129</set></li>#Newline		<li value="129"><set name="coins">128</set></li>#Newline		<li value="128"><set name="coins">127</set></li> #Newline		<li value="127"><set name="coins">126</set></li> #Newline		<li value="126"><set name="coins">125</set></li> #Newline		<li value="125"><set name="coins">124</set></li> #Newline		<li value="124"><set name="coins">123</set></li> #Newline		<li value="123"><set name="coins">122</set></li> #Newline		<li value="122"><set name="coins">121</set></li> #Newline		<li value="121"><set name="coins">120</set></li> #Newline		<li value="120"><set name="coins">119</set></li> #Newline		<li value="119"><set name="coins">118</set></li>#Newline		<li value="118"><set name="coins">117</set></li> #Newline		<li value="117"><set name="coins">116</set></li> #Newline		<li value="116"><set name="coins">115</set></li> #Newline		<li value="115"><set name="coins">114</set></li> #Newline		<li value="114"><set name="coins">113</set></li> #Newline		<li value="113"><set name="coins">112</set></li> #Newline		<li value="112"><set name="coins">111</set></li> #Newline		<li value="111"><set name="coins">110</set></li> #Newline		<li value="110"><set name="coins">109</set></li> #Newline		<li value="109"><set name="coins">108</set></li>#Newline		<li value="108"><set name="coins">107</set></li> #Newline		<li value="107"><set name="coins">106</set></li> #Newline		<li value="106"><set name="coins">105</set></li> #Newline		<li value="105"><set name="coins">104</set></li> #Newline		<li value="104"><set name="coins">103</set></li> #Newline		<li value="103"><set name="coins">102</set></li> #Newline		<li value="102"><set name="coins">101</set></li> #Newline		<li value="101"><set name="coins">100</set></li> #Newline		<li value="100"><set name="coins">99</set></li> #Newline		<li value="99"><set name="coins">98</set></li>#Newline		<li value="98"><set name="coins">97</set></li> #Newline		<li value="97"><set name="coins">96</set></li> #Newline		<li value="96"><set name="coins">95</set></li> #Newline		<li value="95"><set name="coins">94</set></li> #Newline		<li value="94"><set name="coins">93</set></li> #Newline		<li value="93"><set name="coins">92</set></li> #Newline		<li value="92"><set name="coins">91</set></li> #Newline		<li value="91"><set name="coins">90</set></li> #Newline		<li value="90"><set name="coins">89</set></li> #Newline		<li value="89"><set name="coins">88</set></li>#Newline		<li value="88"><set name="coins">87</set></li> #Newline		<li value="87"><set name="coins">86</set></li> #Newline		<li value="86"><set name="coins">85</set></li> #Newline		<li value="85"><set name="coins">84</set></li> #Newline		<li value="84"><set name="coins">83</set></li> #Newline		<li value="83"><set name="coins">82</set></li> #Newline		<li value="82"><set name="coins">81</set></li> #Newline		<li value="81"><set name="coins">80</set></li> #Newline		<li value="80"><set name="coins">79</set></li>#Newline		<li value="79"><set name="coins">78</set></li>#Newline		<li value="78"><set name="coins">77</set></li> #Newline		<li value="77"><set name="coins">76</set></li> #Newline		<li value="76"><set name="coins">75</set></li> #Newline		<li value="75"><set name="coins">74</set></li> #Newline		<li value="74"><set name="coins">73</set></li> #Newline		<li value="73"><set name="coins">72</set></li> #Newline		<li value="72"><set name="coins">71</set></li> #Newline		<li value="71"><set name="coins">70</set></li> #Newline		<li value="70"><set name="coins">69</set></li> #Newline		<li value="69"><set name="coins">68</set></li>#Newline		<li value="68"><set name="coins">67</set></li> #Newline		<li value="67"><set name="coins">66</set></li> #Newline		<li value="66"><set name="coins">65</set></li> #Newline		<li value="65"><set name="coins">64</set></li> #Newline		<li value="64"><set name="coins">63</set></li> #Newline		<li value="63"><set name="coins">62</set></li> #Newline		<li value="62"><set name="coins">61</set></li> #Newline		<li value="61"><set name="coins">60</set></li> #Newline		<li value="60"><set name="coins">59</set></li> #Newline		<li value="59"><set name="coins">58</set></li>#Newline		<li value="58"><set name="coins">57</set></li> #Newline		<li value="57"><set name="coins">56</set></li> #Newline		<li value="56"><set name="coins">55</set></li> #Newline		<li value="55"><set name="coins">54</set></li> #Newline		<li value="54"><set name="coins">53</set></li> #Newline		<li value="53"><set name="coins">52</set></li> #Newline		<li value="52"><set name="coins">51</set></li> #Newline		<li value="51"><set name="coins">50</set></li> #Newline		<li value="50"><set name="coins">49</set></li> #Newline		<li value="49"><set name="coins">48</set></li>#Newline		<li value="48"><set name="coins">47</set></li> #Newline		<li value="47"><set name="coins">46</set></li> #Newline		<li value="46"><set name="coins">45</set></li> #Newline		<li value="45"><set name="coins">44</set></li> #Newline		<li value="44"><set name="coins">43</set></li> #Newline		<li value="43"><set name="coins">42</set></li> #Newline		<li value="42"><set name="coins">41</set></li> #Newline		<li value="41"><set name="coins">40</set></li> #Newline		<li value="40"><set name="coins">39</set></li> #Newline		<li value="39"><set name="coins">38</set></li>#Newline		<li value="38"><set name="coins">37</set></li> #Newline		<li value="37"><set name="coins">36</set></li> #Newline		<li value="36"><set name="coins">35</set></li> #Newline		<li value="35"><set name="coins">34</set></li> #Newline		<li value="34"><set name="coins">33</set></li> #Newline		<li value="33"><set name="coins">32</set></li> #Newline		<li value="32"><set name="coins">31</set></li> #Newline		<li value="31"><set name="coins">30</set></li> #Newline		<li value="30"><set name="coins">29</set></li>#Newline		<li value="29"><set name="coins">28</set></li>#Newline		<li value="28"><set name="coins">27</set></li> #Newline		<li value="27"><set name="coins">26</set></li> #Newline		<li value="26"><set name="coins">25</set></li> #Newline		<li value="25"><set name="coins">24</set></li> #Newline		<li value="24"><set name="coins">23</set></li> #Newline		<li value="23"><set name="coins">22</set></li> #Newline		<li value="22"><set name="coins">21</set></li> #Newline		<li value="21"><set name="coins">20</set></li> #Newline		<li value="20"><set name="coins">19</set></li> #Newline		<li value="19"><set name="coins">18</set></li>#Newline		<li value="18"><set name="coins">17</set></li> #Newline		<li value="17"><set name="coins">16</set></li> #Newline		<li value="16"><set name="coins">15</set></li> #Newline		<li value="15"><set name="coins">14</set></li> #Newline		<li value="14"><set name="coins">13</set></li> #Newline		<li value="13"><set name="coins">12</set></li> #Newline		<li value="12"><set name="coins">11</set></li> #Newline		<li value="11"><set name="coins">10</set></li> #Newline		<li value="10"><set name="coins">9</set></li> #Newline		<li value="9"><set name="coins">8</set></li>#Newline		<li value="8"><set name="coins">7</set></li> #Newline		<li value="7"><set name="coins">6</set></li> #Newline		<li value="6"><set name="coins">5</set></li> #Newline		<li value="5"><set name="coins">4</set></li> #Newline		<li value="4"><set name="coins">3</set></li> #Newline		<li value="3"><set name="coins">2</set></li> #Newline		<li value="2"><set name="coins">1</set></li> #Newline		<li value="1"><set name="coins">0</set></li>#Newline	</condition>#Newline</think>,blackjack.aiml
