0,HIGH ROLLER,*,*,Welcome to my high roller dice game.<br/>It's based on the rules of "Yahtzee" which is a copyright of Milton Bradley games.<br/><br/>#NewlineYou have up to 3 rolls to try and get each combination on the scorecard.<br/>#NewlineEach scorecard category can be used only once apart from "5 of a kind" which can be used as often as needed.<br/>#NewlineIn this version#Comma a 5 of a kind cannot be used as a wild card and must go in the "5 of a kind" box.<br/><br/>#NewlineType START to begin the dice game.,highroller.aiml
0,HIROLLER,*,*,<srai>HIGH ROLLER</srai>,highroller.aiml
0,HI ROLLER,*,*,<srai>HIGH ROLLER</srai>,highroller.aiml
0,HIGHROLLER,*,*,<srai>HIGH ROLLER</srai>,highroller.aiml
0,YAHTZEE,*,*,<srai>HIGH ROLLER</srai>,highroller.aiml
0,START,TYPE START TO BEGIN THE DICE GAME,*,<think>#Newline	<set name="onetotal">??</set>#Newline	<set name="twototal">??</set>#Newline	<set name="threetotal">??</set>#Newline	<set name="fourtotal">??</set>#Newline	<set name="fivetotal">??</set>#Newline	<set name="sixtotal">??</set>#Newline	<set name="threekind">??</set>#Newline	<set name="fourkind">??</set>#Newline	<set name="fullhouse">??</set>#Newline	<set name="smstraight">??</set>#Newline	<set name="lgstraight">??</set>#Newline	<set name="yatzy">??</set>#Newline	<set name="chance">??</set>#Newline	<set name="subupper">0</set>#Newline	<set name="uppertot">0</set>#Newline	<set name="lowertot">0</set>#Newline	<set name="63bonus">0</set>#Newline	<set name="grandtot">0</set>#Newline	<set name="dice1lock">0</set>#Newline	<set name="dice2lock">0</set>#Newline	<set name="dice3lock">0</set>#Newline	<set name="dice4lock">0</set>#Newline	<set name="dice5lock">0</set>#Newline	<set name="rollnumber">0</set>#Newline</think>#Newline<srai>YZROLLLOOP</srai>,highroller.aiml
0,YZROLLLOOP,*,*,<srai>YZROLLDICE</srai>#NewlineRoll<get name="rollnumber"/>:<br/><br/><get name="displaydice"/><br/>#Newline<condition name="rollnumber">#Newline	<li value="3"><srai>YZFINISHEDROLL</srai></li>#Newline	<li>A - B - C - D - E<br/><br/>Which of the dice A-E do you want to spin again?<br/><br/>#Newline	<srai>YZDISPLAYSCOREBOARD</srai>	#Newline	<think>#Newline		<set name="topic">YATZY</set>#Newline	</think>#Newline	</li>#Newline</condition>,highroller.aiml
0,_,*,YATZY,<think>#Newline		<set name="inp"><star/></set>#Newline	</think>#Newline	<condition name="inp">#Newline		<li value="1"><set name="topic"/><srai>YZSORTDICE</srai><srai>YZPICK1</srai></li>#Newline		<li value="2"><set name="topic"/><srai>YZSORTDICE</srai><srai>YZPICK2</srai></li>#Newline		<li value="3"><set name="topic"/><srai>YZSORTDICE</srai><srai>YZPICK3</srai></li>#Newline		<li value="4"><set name="topic"/><srai>YZSORTDICE</srai><srai>YZPICK4</srai></li>#Newline		<li value="5"><set name="topic"/><srai>YZSORTDICE</srai><srai>YZPICK5</srai></li>#Newline		<li value="6"><set name="topic"/><srai>YZSORTDICE</srai><srai>YZPICK6</srai></li>#Newline		<li value="7"><set name="topic"/><srai>YZSORTDICE</srai><srai>YZPICK7</srai></li>#Newline		<li value="8"><set name="topic"/><srai>YZSORTDICE</srai><srai>YZPICK8</srai></li>#Newline		<li value="9"><set name="topic"/><srai>YZSORTDICE</srai><srai>YZPICK9</srai></li>#Newline		<li value="10"><set name="topic"/><srai>YZSORTDICE</srai><srai>YZPICK10</srai></li>#Newline		<li value="11"><set name="topic"/><srai>YZSORTDICE</srai><srai>YZPICK11</srai></li>#Newline		<li value="12"><set name="topic"/><srai>YZSORTDICE</srai><srai>YZPICK12</srai></li>#Newline		<li value="13"><set name="topic"/><srai>YZSORTDICE</srai><srai>YZPICK13</srai></li>#Newline		<li value="Q"><set name="topic"/><srai>YZQUITGAME</srai></li>#Newline		<li value="E"><set name="topic"/><srai>YZVALIDCHOICE</srai></li>#Newline		<li value="D"><set name="topic"/><srai>YZVALIDCHOICE</srai></li>#Newline		<li value="DE"><set name="topic"/><srai>YZVALIDCHOICE</srai></li>#Newline		<li value="C"><set name="topic"/><srai>YZVALIDCHOICE</srai></li>#Newline		<li value="CE"><set name="topic"/><srai>YZVALIDCHOICE</srai></li>#Newline		<li value="CD"><set name="topic"/><srai>YZVALIDCHOICE</srai></li>#Newline		<li value="CDE"><set name="topic"/><srai>YZVALIDCHOICE</srai></li>#Newline		<li value="B"><set name="topic"/><srai>YZVALIDCHOICE</srai></li>#Newline		<li value="BE"><set name="topic"/><srai>YZVALIDCHOICE</srai></li>#Newline		<li value="BD"><set name="topic"/><srai>YZVALIDCHOICE</srai></li>#Newline		<li value="BDE"><set name="topic"/><srai>YZVALIDCHOICE</srai></li>#Newline		<li value="BC"><set name="topic"/><srai>YZVALIDCHOICE</srai></li>#Newline		<li value="BCE"><set name="topic"/><srai>YZVALIDCHOICE</srai></li>#Newline		<li value="BCD"><set name="topic"/><srai>YZVALIDCHOICE</srai></li>#Newline		<li value="BCDE"><set name="topic"/><srai>YZVALIDCHOICE</srai></li>#Newline		<li value="A"><set name="topic"/><srai>YZVALIDCHOICE</srai></li>#Newline		<li value="AE"><set name="topic"/><srai>YZVALIDCHOICE</srai></li>#Newline		<li value="AD"><set name="topic"/><srai>YZVALIDCHOICE</srai></li>#Newline		<li value="ADE"><set name="topic"/><srai>YZVALIDCHOICE</srai></li>#Newline		<li value="AC"><set name="topic"/><srai>YZVALIDCHOICE</srai></li>#Newline		<li value="ACE"><set name="topic"/><srai>YZVALIDCHOICE</srai></li>#Newline		<li value="ACD"><set name="topic"/><srai>YZVALIDCHOICE</srai></li>#Newline		<li value="ACDE"><set name="topic"/><srai>YZVALIDCHOICE</srai></li>#Newline		<li value="AB"><set name="topic"/><srai>YZVALIDCHOICE</srai></li>#Newline		<li value="ABE"><set name="topic"/><srai>YZVALIDCHOICE</srai></li>#Newline		<li value="ABD"><set name="topic"/><srai>YZVALIDCHOICE</srai></li>#Newline		<li value="ABDE"><set name="topic"/><srai>YZVALIDCHOICE</srai></li>#Newline		<li value="ABC"><set name="topic"/><srai>YZVALIDCHOICE</srai></li>#Newline		<li value="ABCE"><set name="topic"/><srai>YZVALIDCHOICE</srai></li>#Newline		<li value="ABCD"><set name="topic"/><srai>YZVALIDCHOICE</srai></li>#Newline		<li value="ABCDE"><set name="topic"/><srai>YZVALIDCHOICE</srai></li>#Newline		<li>#Newline			<get name="displaydice"/><br/>#NewlineA - B - C - D - E<br/><br/>Sorry but "<star/>" is not a valid choice.<br/>Which of the dice A-E do you want to spin again? eg. "ACD" will respin dice A#Comma dice C and dice D. Type "Q" to quit or enter the number of the scorecard where you want to play these dice.<br/><br/><think><set name="topic"/></think><srai>YZDISPLAYSCOREBOARD</srai><think><set name="topic">YATZY</set></think>#Newline#Newline		</li>#Newline	</condition>,highroller.aiml
0,YZVALIDCHOICE,*,*,<think>#Newline	<set name="dice1lock">1</set>#Newline	<set name="dice2lock">1</set>#Newline	<set name="dice3lock">1</set>#Newline	<set name="dice4lock">1</set>#Newline	<set name="dice5lock">1</set>#Newline	<condition name="inp">#Newline		<li value="E"><set name="dice5lock">0</set></li>#Newline		<li value="D"><set name="dice4lock">0</set></li>#Newline		<li value="DE"><set name="dice4lock">0</set><set name="dice5lock">0</set></li>#Newline		<li value="C"><set name="dice3lock">0</set></li>#Newline		<li value="CE"><set name="dice3lock">0</set><set name="dice5lock">0</set></li>#Newline		<li value="CD"><set name="dice3lock">0</set><set name="dice4lock">0</set></li>#Newline		<li value="CDE"><set name="dice3lock">0</set><set name="dice4lock">0</set><set name="dice5lock">0</set></li>#Newline		<li value="B"><set name="dice2lock">0</set></li>#Newline		<li value="BE"><set name="dice2lock">0</set><set name="dice5lock">0</set></li>#Newline		<li value="BD"><set name="dice2lock">0</set><set name="dice4lock">0</set></li>#Newline		<li value="BDE"><set name="dice2lock">0</set><set name="dice4lock">0</set><set name="dice5lock">0</set></li>#Newline		<li value="BC"><set name="dice2lock">0</set><set name="dice3lock">0</set></li>#Newline		<li value="BCE"><set name="dice2lock">0</set><set name="dice3lock">0</set><set name="dice5lock">0</set></li>#Newline		<li value="BCD"><set name="dice2lock">0</set><set name="dice3lock">0</set><set name="dice4lock">0</set></li>#Newline		<li value="BCDE"><set name="dice2lock">0</set><set name="dice3lock">0</set><set name="dice4lock">0</set><set name="dice5lock">0</set></li>#Newline		<li value="A"><set name="dice1lock">0</set></li>#Newline		<li value="AE"><set name="dice1lock">0</set><set name="dice5lock">0</set></li>#Newline		<li value="AD"><set name="dice1lock">0</set><set name="dice4lock">0</set></li>#Newline		<li value="ADE"><set name="dice1lock">0</set><set name="dice4lock">0</set><set name="dice5lock">0</set></li>#Newline		<li value="AC"><set name="dice1lock">0</set><set name="dice3lock">0</set></li>#Newline		<li value="ACE"><set name="dice1lock">0</set><set name="dice3lock">0</set><set name="dice5lock">0</set></li>#Newline		<li value="ACD"><set name="dice1lock">0</set><set name="dice3lock">0</set><set name="dice4lock">0</set></li>#Newline		<li value="ACDE"><set name="dice1lock">0</set><set name="dice3lock">0</set><set name="dice4lock">0</set><set name="dice5lock">0</set></li>#Newline		<li value="AB"><set name="dice1lock">0</set><set name="dice2lock">0</set></li>#Newline		<li value="ABE"><set name="dice1lock">0</set><set name="dice2lock">0</set><set name="dice5lock">0</set></li>#Newline		<li value="ABD"><set name="dice1lock">0</set><set name="dice2lock">0</set><set name="dice4lock">0</set></li>#Newline		<li value="ABDE"><set name="dice1lock">0</set><set name="dice2lock">0</set><set name="dice4lock">0</set><set name="dice5lock">0</set></li>#Newline		<li value="ABC"><set name="dice1lock">0</set><set name="dice2lock">0</set><set name="dice3lock">0</set></li>#Newline		<li value="ABCE"><set name="dice1lock">0</set><set name="dice2lock">0</set><set name="dice3lock">0</set><set name="dice5lock">0</set></li>#Newline		<li value="ABCD"><set name="dice1lock">0</set><set name="dice2lock">0</set><set name="dice3lock">0</set><set name="dice4lock">0</set></li>#Newline		<li value="ABCDE"><set name="dice1lock">0</set><set name="dice2lock">0</set><set name="dice3lock">0</set><set name="dice4lock">0</set><set name="dice5lock">0</set></li>#Newline	</condition>#Newline</think>#Newline<srai>YZROLLLOOP</srai>,highroller.aiml
0,YZROLLDICE,*,*,<think>#Newline	<condition name="rollnumber">#Newline		<li value="0"><set name="rollnumber">1</set></li>#Newline		<li value="1"><set name="rollnumber">2</set></li>#Newline		<li value="2"><set name="rollnumber">3</set></li>#Newline	</condition>#Newline	<condition name="dice1lock"> #Newline		<li value="0">#Newline			<random>#Newline				<li><set name="dice1">1</set></li>#Newline				<li><set name="dice1">2</set></li>#Newline				<li><set name="dice1">3</set></li>#Newline				<li><set name="dice1">4</set></li>#Newline				<li><set name="dice1">5</set></li>#Newline				<li><set name="dice1">6</set></li>#Newline			</random>#Newline		</li>#Newline	</condition>#Newline	<condition name="dice2lock"> #Newline		<li value="0">#Newline			<random>#Newline				<li><set name="dice2">1</set></li>#Newline				<li><set name="dice2">2</set></li>#Newline				<li><set name="dice2">3</set></li>#Newline				<li><set name="dice2">4</set></li>#Newline				<li><set name="dice2">5</set></li>#Newline				<li><set name="dice2">6</set></li>#Newline			</random>#Newline		</li>#Newline	</condition>#Newline	<condition name="dice3lock"> #Newline		<li value="0">#Newline			<random>#Newline				<li><set name="dice3">1</set></li>#Newline				<li><set name="dice3">2</set></li>#Newline				<li><set name="dice3">3</set></li>#Newline				<li><set name="dice3">4</set></li>#Newline				<li><set name="dice3">5</set></li>#Newline				<li><set name="dice3">6</set></li>#Newline			</random>#Newline		</li>#Newline	</condition>#Newline	<condition name="dice4lock"> #Newline		<li value="0">#Newline			<random>#Newline				<li><set name="dice4">1</set></li>#Newline				<li><set name="dice4">2</set></li>#Newline				<li><set name="dice4">3</set></li>#Newline				<li><set name="dice4">4</set></li>#Newline				<li><set name="dice4">5</set></li>#Newline				<li><set name="dice4">6</set></li>#Newline			</random>#Newline		</li>#Newline	</condition>#Newline	<condition name="dice5lock"> #Newline		<li value="0">#Newline			<random>#Newline				<li><set name="dice5">1</set></li>#Newline				<li><set name="dice5">2</set></li>#Newline				<li><set name="dice5">3</set></li>#Newline				<li><set name="dice5">4</set></li>#Newline				<li><set name="dice5">5</set></li>#Newline				<li><set name="dice5">6</set></li>#Newline			</random>#Newline		</li>#Newline	</condition>#Newline	<set name="displaydice"><get name="dice1"/> -<get name="dice2"/> -<get name="dice3"/> -<get name="dice4"/> -<get name="dice5"/></set>#Newline</think>,highroller.aiml
0,YZSORTDICE,*,*,<think>#Newline	<set name="sorteddice"/>#Newline	<set name="totaldice">0</set>#Newline	<condition name="dice1"><li value="1"><set name="sorteddice"><get name="sorteddice"/>1</set><srai>YZADD1</srai></li></condition>#Newline	<condition name="dice2"><li value="1"><set name="sorteddice"><get name="sorteddice"/>1</set><srai>YZADD1</srai></li></condition>#Newline	<condition name="dice3"><li value="1"><set name="sorteddice"><get name="sorteddice"/>1</set><srai>YZADD1</srai></li></condition>#Newline	<condition name="dice4"><li value="1"><set name="sorteddice"><get name="sorteddice"/>1</set><srai>YZADD1</srai></li></condition>#Newline	<condition name="dice5"><li value="1"><set name="sorteddice"><get name="sorteddice"/>1</set><srai>YZADD1</srai></li></condition>#Newline	<condition name="dice1"><li value="2"><set name="sorteddice"><get name="sorteddice"/>2</set><srai>YZADD2</srai></li></condition>#Newline	<condition name="dice2"><li value="2"><set name="sorteddice"><get name="sorteddice"/>2</set><srai>YZADD2</srai></li></condition>#Newline	<condition name="dice3"><li value="2"><set name="sorteddice"><get name="sorteddice"/>2</set><srai>YZADD2</srai></li></condition>#Newline	<condition name="dice4"><li value="2"><set name="sorteddice"><get name="sorteddice"/>2</set><srai>YZADD2</srai></li></condition>#Newline	<condition name="dice5"><li value="2"><set name="sorteddice"><get name="sorteddice"/>2</set><srai>YZADD2</srai></li></condition>#Newline	<condition name="dice1"><li value="3"><set name="sorteddice"><get name="sorteddice"/>3</set><srai>YZADD3</srai></li></condition>#Newline	<condition name="dice2"><li value="3"><set name="sorteddice"><get name="sorteddice"/>3</set><srai>YZADD3</srai></li></condition>#Newline	<condition name="dice3"><li value="3"><set name="sorteddice"><get name="sorteddice"/>3</set><srai>YZADD3</srai></li></condition>#Newline	<condition name="dice4"><li value="3"><set name="sorteddice"><get name="sorteddice"/>3</set><srai>YZADD3</srai></li></condition>#Newline	<condition name="dice5"><li value="3"><set name="sorteddice"><get name="sorteddice"/>3</set><srai>YZADD3</srai></li></condition>#Newline	<condition name="dice1"><li value="4"><set name="sorteddice"><get name="sorteddice"/>4</set><srai>YZADD4</srai></li></condition>#Newline	<condition name="dice2"><li value="4"><set name="sorteddice"><get name="sorteddice"/>4</set><srai>YZADD4</srai></li></condition>#Newline	<condition name="dice3"><li value="4"><set name="sorteddice"><get name="sorteddice"/>4</set><srai>YZADD4</srai></li></condition>#Newline	<condition name="dice4"><li value="4"><set name="sorteddice"><get name="sorteddice"/>4</set><srai>YZADD4</srai></li></condition>#Newline	<condition name="dice5"><li value="4"><set name="sorteddice"><get name="sorteddice"/>4</set><srai>YZADD4</srai></li></condition>#Newline	<condition name="dice1"><li value="5"><set name="sorteddice"><get name="sorteddice"/>5</set><srai>YZADD5</srai></li></condition>#Newline	<condition name="dice2"><li value="5"><set name="sorteddice"><get name="sorteddice"/>5</set><srai>YZADD5</srai></li></condition>#Newline	<condition name="dice3"><li value="5"><set name="sorteddice"><get name="sorteddice"/>5</set><srai>YZADD5</srai></li></condition>#Newline	<condition name="dice4"><li value="5"><set name="sorteddice"><get name="sorteddice"/>5</set><srai>YZADD5</srai></li></condition>#Newline	<condition name="dice5"><li value="5"><set name="sorteddice"><get name="sorteddice"/>5</set><srai>YZADD5</srai></li></condition>#Newline	<condition name="dice1"><li value="6"><set name="sorteddice"><get name="sorteddice"/>6</set><srai>YZADD6</srai></li></condition>#Newline	<condition name="dice2"><li value="6"><set name="sorteddice"><get name="sorteddice"/>6</set><srai>YZADD6</srai></li></condition>#Newline	<condition name="dice3"><li value="6"><set name="sorteddice"><get name="sorteddice"/>6</set><srai>YZADD6</srai></li></condition>#Newline	<condition name="dice4"><li value="6"><set name="sorteddice"><get name="sorteddice"/>6</set><srai>YZADD6</srai></li></condition>#Newline	<condition name="dice5"><li value="6"><set name="sorteddice"><get name="sorteddice"/>6</set><srai>YZADD6</srai></li></condition>#Newline</think>,highroller.aiml
0,YZFINISHEDROLL,*,*,<srai>YZSORTDICE</srai><br/>#NewlineWhich part of the scoreboard do you want these dice to go in?<br/><br/>#Newline<srai>YZDISPLAYSCOREBOARD</srai>#Newline<think>	#Newline	<set name="topic">YATZY1</set>#Newline</think>,highroller.aiml
0,YZDISPLAYSCOREBOARD,*,*,1..........Ones = <get name="onetotal"/><br/>#Newline2..........Twos = <get name="twototal"/><br/>#Newline3........Threes = <get name="threetotal"/><br/>#Newline4.........Fours = <get name="fourtotal"/><br/>#Newline5.........Fives = <get name="fivetotal"/><br/>#Newline6.........Sixes = <get name="sixtotal"/><br/>#Newline      Sub Total = <get name="subupper"/><br/>#Newline  Bonus for 63+ = <get name="63bonus"/><br/>#Newline    Upper Total = <get name="uppertot"/><br/><br/>#Newline7.. 3 of a kind = <get name="threekind"/><br/>#Newline8.. 4 of a kind = <get name="fourkind"/><br/>#Newline9... Full House = <get name="fullhouse"/><br/>#Newline10. Sm Straight = <get name="smstraight"/><br/>#Newline11. Lg Straight = <get name="lgstraight"/><br/>#Newline12. 5 of a kind = <get name="yatzy"/><br/>#Newline13...... Chance = <get name="chance"/><br/>#Newline    Lower Total = <get name="lowertot"/><br/>#Newline    Upper Total = <get name="uppertot"/><br/>#Newline    GRAND TOTAL = <get name="grandtot"/>,highroller.aiml
0,_,*,YATZY1,<think>#Newline		<set name="inp"><star/></set>#Newline	</think>#Newline	<condition name="inp">#Newline		<li value="1"><set name="topic"/><srai>YZPICK1</srai></li>#Newline		<li value="2"><set name="topic"/><srai>YZPICK2</srai></li>#Newline		<li value="3"><set name="topic"/><srai>YZPICK3</srai></li>#Newline		<li value="4"><set name="topic"/><srai>YZPICK4</srai></li>#Newline		<li value="5"><set name="topic"/><srai>YZPICK5</srai></li>#Newline		<li value="6"><set name="topic"/><srai>YZPICK6</srai></li>#Newline		<li value="7"><set name="topic"/><srai>YZPICK7</srai></li>#Newline		<li value="8"><set name="topic"/><srai>YZPICK8</srai></li>#Newline		<li value="9"><set name="topic"/><srai>YZPICK9</srai></li>#Newline		<li value="10"><set name="topic"/><srai>YZPICK10</srai></li>#Newline		<li value="11"><set name="topic"/><srai>YZPICK11</srai></li>#Newline		<li value="12"><set name="topic"/><srai>YZPICK12</srai></li>#Newline		<li value="13"><set name="topic"/><srai>YZPICK13</srai></li>#Newline		<li>There is no "<star/>" on the scoreboard. Please choose again.<br/><br/><get name="displaydice"/><br/><br/><set name="topic"/><srai>YZDISPLAYSCOREBOARD</srai><think><set name="topic">YATZY1</set></think></li>#Newline	</condition>,highroller.aiml
0,YZPICK1,*,*,<condition name="onetotal">#Newline		<li value="??">#Newline			<think>#Newline				<set name="kount">0</set>#Newline			</think>#Newline			<condition name="dice1"><li value="1"><srai>TOTADD1</srai></li></condition>#Newline			<condition name="dice2"><li value="1"><srai>TOTADD1</srai></li></condition>#Newline			<condition name="dice3"><li value="1"><srai>TOTADD1</srai></li></condition>#Newline			<condition name="dice4"><li value="1"><srai>TOTADD1</srai></li></condition>#Newline			<condition name="dice5"><li value="1"><srai>TOTADD1</srai></li></condition>#Newline			<think>#Newline				<set name="onetotal"><get name="kount"/></set>#Newline			</think>#Newline			<srai>YZADDUPPER</srai>#Newline			<srai>YZCHECKENDGAME</srai>	#Newline		</li>#Newline		<li>Ones have already been played. Please choose another part of the scorecard.<br/><br/><get name="displaydice"/><br/><br/>#Newline	<srai>YZDISPLAYSCOREBOARD</srai><think><set name="topic">YATZY1</set></think></li>#Newline	</condition>,highroller.aiml
0,YZPICK2,*,*,<condition name="twototal">#Newline		<li value="??">#Newline			<think>#Newline				<set name="kount">0</set>#Newline			</think>#Newline			<condition name="dice1"><li value="2"><srai>TOTADD2</srai></li></condition>#Newline			<condition name="dice2"><li value="2"><srai>TOTADD2</srai></li></condition>#Newline			<condition name="dice3"><li value="2"><srai>TOTADD2</srai></li></condition>#Newline			<condition name="dice4"><li value="2"><srai>TOTADD2</srai></li></condition>#Newline			<condition name="dice5"><li value="2"><srai>TOTADD2</srai></li></condition>#Newline			<think>#Newline				<set name="twototal"><get name="kount"/></set>#Newline			</think>#Newline			<srai>YZADDUPPER</srai>#Newline			<srai>YZCHECKENDGAME</srai>#Newline		</li>#Newline		<li>Twos have already been played. Please choose another part of the scorecard.<br/><br/><get name="displaydice"/><br/><br/>#Newline	<srai>YZDISPLAYSCOREBOARD</srai><think><set name="topic">YATZY1</set></think></li>#Newline	</condition>,highroller.aiml
0,YZPICK3,*,*,<condition name="threetotal">#Newline		<li value="??">#Newline			<think>#Newline				<set name="kount">0</set>#Newline			</think>#Newline			<condition name="dice1"><li value="3"><srai>TOTADD3</srai></li></condition>#Newline			<condition name="dice2"><li value="3"><srai>TOTADD3</srai></li></condition>#Newline			<condition name="dice3"><li value="3"><srai>TOTADD3</srai></li></condition>#Newline			<condition name="dice4"><li value="3"><srai>TOTADD3</srai></li></condition>#Newline			<condition name="dice5"><li value="3"><srai>TOTADD3</srai></li></condition>#Newline			<think>#Newline				<set name="threetotal"><get name="kount"/></set>#Newline			</think>#Newline			<srai>YZADDUPPER</srai>#Newline			<srai>YZCHECKENDGAME</srai>#Newline		</li>#Newline		<li>Threes have already been played. Please choose another part of the scorecard.<br/><br/><get name="displaydice"/><br/><br/>#Newline	<srai>YZDISPLAYSCOREBOARD</srai><think><set name="topic">YATZY1</set></think></li>#Newline	</condition>,highroller.aiml
0,YZPICK4,*,*,<condition name="fourtotal">#Newline		<li value="??">#Newline			<think>#Newline				<set name="kount">0</set>#Newline			</think>#Newline			<condition name="dice1"><li value="4"><srai>TOTADD4</srai></li></condition>#Newline			<condition name="dice2"><li value="4"><srai>TOTADD4</srai></li></condition>#Newline			<condition name="dice3"><li value="4"><srai>TOTADD4</srai></li></condition>#Newline			<condition name="dice4"><li value="4"><srai>TOTADD4</srai></li></condition>#Newline			<condition name="dice5"><li value="4"><srai>TOTADD4</srai></li></condition>#Newline			<think>#Newline				<set name="fourtotal"><get name="kount"/></set>#Newline			</think>#Newline			<srai>YZADDUPPER</srai>#Newline			<srai>YZCHECKENDGAME</srai>#Newline		</li>#Newline		<li>Fours have already been played. Please choose another part of the scorecard.<br/><br/><get name="displaydice"/><br/><br/>#Newline	<srai>YZDISPLAYSCOREBOARD</srai><think><set name="topic">YATZY1</set></think></li>#Newline	</condition>,highroller.aiml
0,YZPICK5,*,*,<condition name="fivetotal">#Newline		<li value="??">#Newline			<think>#Newline				<set name="kount">0</set>#Newline			</think>#Newline			<condition name="dice1"><li value="5"><srai>TOTADD5</srai></li></condition>#Newline			<condition name="dice2"><li value="5"><srai>TOTADD5</srai></li></condition>#Newline			<condition name="dice3"><li value="5"><srai>TOTADD5</srai></li></condition>#Newline			<condition name="dice4"><li value="5"><srai>TOTADD5</srai></li></condition>#Newline			<condition name="dice5"><li value="5"><srai>TOTADD5</srai></li></condition>#Newline			<think>#Newline				<set name="fivetotal"><get name="kount"/></set>#Newline			</think>#Newline			<srai>YZADDUPPER</srai>#Newline			<srai>YZCHECKENDGAME</srai>#Newline		</li>#Newline		<li>Fives have already been played. Please choose another part of the scorecard.<br/><br/><get name="displaydice"/><br/><br/>#Newline	<srai>YZDISPLAYSCOREBOARD</srai><think><set name="topic">YATZY1</set></think></li>#Newline	</condition>,highroller.aiml
0,YZPICK6,*,*,<condition name="sixtotal">#Newline		<li value="??">#Newline			<think>#Newline				<set name="kount">0</set>#Newline			</think>#Newline			<condition name="dice1"><li value="6"><srai>TOTADD6</srai></li></condition>#Newline			<condition name="dice2"><li value="6"><srai>TOTADD6</srai></li></condition>#Newline			<condition name="dice3"><li value="6"><srai>TOTADD6</srai></li></condition>#Newline			<condition name="dice4"><li value="6"><srai>TOTADD6</srai></li></condition>#Newline			<condition name="dice5"><li value="6"><srai>TOTADD6</srai></li></condition>#Newline			<think>#Newline				<set name="sixtotal"><get name="kount"/></set>#Newline			</think>#Newline			<srai>YZADDUPPER</srai>#Newline			<srai>YZCHECKENDGAME</srai>#Newline		</li>#Newline		<li>Sixes have already been played. Please choose another part of the scorecard.<br/><br/><get name="displaydice"/><br/><br/>#Newline	<srai>YZDISPLAYSCOREBOARD</srai><think><set name="topic">YATZY1</set></think></li>#Newline	</condition>,highroller.aiml
0,YZPICK7,*,*,<condition name="threekind">#Newline		<li value="??">#Newline			<think>#Newline				<set name="threekind"><set name="bottomdice">XX</set></set>#Newline				<set name="3dice"><get name="dice1"/><get name="dice2"/><get name="dice3"/></set><srai>YZTHREEKINDCHECK</srai>#Newline				<set name="3dice"><get name="dice1"/><get name="dice2"/><get name="dice4"/></set><srai>YZTHREEKINDCHECK</srai>#Newline				<set name="3dice"><get name="dice1"/><get name="dice2"/><get name="dice5"/></set><srai>YZTHREEKINDCHECK</srai>#Newline				<set name="3dice"><get name="dice1"/><get name="dice3"/><get name="dice4"/></set><srai>YZTHREEKINDCHECK</srai>#Newline				<set name="3dice"><get name="dice1"/><get name="dice3"/><get name="dice5"/></set><srai>YZTHREEKINDCHECK</srai>#Newline				<set name="3dice"><get name="dice1"/><get name="dice4"/><get name="dice5"/></set><srai>YZTHREEKINDCHECK</srai>#Newline				<set name="3dice"><get name="dice2"/><get name="dice3"/><get name="dice4"/></set><srai>YZTHREEKINDCHECK</srai>#Newline				<set name="3dice"><get name="dice2"/><get name="dice3"/><get name="dice5"/></set><srai>YZTHREEKINDCHECK</srai>#Newline				<set name="3dice"><get name="dice2"/><get name="dice4"/><get name="dice5"/></set><srai>YZTHREEKINDCHECK</srai>#Newline				<set name="3dice"><get name="dice3"/><get name="dice4"/><get name="dice5"/></set><srai>YZTHREEKINDCHECK</srai>#Newline				<condition name="threekind">#Newline					<li value="Y">#Newline						<set name="threekind"><set name="bottomdice"><get name="totaldice"/></set></set>#Newline					</li>#Newline				</condition>#Newline			</think>#Newline		<srai>YZADDLOWER</srai>#Newline		<srai>YZCHECKENDGAME</srai>#Newline		</li>#Newline		<li>Three Of A Kind has already been played. Please choose another part of the scorecard.<br/><br/><get name="displaydice"/><br/><br/>#Newline	<srai>YZDISPLAYSCOREBOARD</srai><think><set name="topic">YATZY1</set></think></li>#Newline	</condition>,highroller.aiml
0,YZTHREEKINDCHECK,*,*,<think>#Newline<condition name="3dice">#Newline	<li value="1 1 1"><set name="threekind">Y</set></li>#Newline	<li value="2 2 2"><set name="threekind">Y</set></li>#Newline	<li value="3 3 3"><set name="threekind">Y</set></li>#Newline	<li value="4 4 4"><set name="threekind">Y</set></li>#Newline	<li value="5 5 5"><set name="threekind">Y</set></li>#Newline	<li value="6 6 6"><set name="threekind">Y</set></li>#Newline</condition>#Newline</think>,highroller.aiml
0,YZPICK8,*,*,<condition name="fourkind">#Newline		<li value="??">#Newline			<think>#Newline				<set name="fourkind"><set name="bottomdice">XX</set></set>#Newline				<condition name="sorteddice">#Newline					<li value="1 1 1 1 1"><set name="fourkind"><set name="bottomdice">5</set></set></li>#Newline					<li value="1 1 1 1 2"><set name="fourkind"><set name="bottomdice">6</set></set></li>#Newline					<li value="1 1 1 1 3"><set name="fourkind"><set name="bottomdice">7</set></set></li>#Newline					<li value="1 1 1 1 4"><set name="fourkind"><set name="bottomdice">8</set></set></li>#Newline					<li value="1 1 1 1 5"><set name="fourkind"><set name="bottomdice">9</set></set></li>#Newline					<li value="1 1 1 1 6"><set name="fourkind"><set name="bottomdice">10</set></set></li>#Newline					<li value="1 2 2 2 2"><set name="fourkind"><set name="bottomdice">9</set></set></li>#Newline					<li value="2 2 2 2 2"><set name="fourkind"><set name="bottomdice">10</set></set></li>#Newline					<li value="2 2 2 2 3"><set name="fourkind"><set name="bottomdice">11</set></set></li>#Newline					<li value="2 2 2 2 4"><set name="fourkind"><set name="bottomdice">12</set></set></li>#Newline					<li value="2 2 2 2 5"><set name="fourkind"><set name="bottomdice">13</set></set></li>#Newline					<li value="2 2 2 2 6"><set name="fourkind"><set name="bottomdice">14</set></set></li>#Newline					<li value="1 3 3 3 3"><set name="fourkind"><set name="bottomdice">13</set></set></li>#Newline					<li value="2 3 3 3 3"><set name="fourkind"><set name="bottomdice">14</set></set></li>#Newline					<li value="3 3 3 3 3"><set name="fourkind"><set name="bottomdice">15</set></set></li>#Newline					<li value="3 3 3 3 4"><set name="fourkind"><set name="bottomdice">16</set></set></li>#Newline					<li value="3 3 3 3 5"><set name="fourkind"><set name="bottomdice">17</set></set></li>#Newline					<li value="3 3 3 3 6"><set name="fourkind"><set name="bottomdice">18</set></set></li>#Newline					<li value="1 4 4 4 4"><set name="fourkind"><set name="bottomdice">17</set></set></li>#Newline					<li value="2 4 4 4 4"><set name="fourkind"><set name="bottomdice">18</set></set></li>#Newline					<li value="3 4 4 4 4"><set name="fourkind"><set name="bottomdice">19</set></set></li>#Newline					<li value="4 4 4 4 4"><set name="fourkind"><set name="bottomdice">20</set></set></li>#Newline					<li value="4 4 4 4 5"><set name="fourkind"><set name="bottomdice">21</set></set></li>#Newline					<li value="4 4 4 4 6"><set name="fourkind"><set name="bottomdice">22</set></set></li>#Newline					<li value="1 5 5 5 5"><set name="fourkind"><set name="bottomdice">21</set></set></li>#Newline					<li value="2 5 5 5 5"><set name="fourkind"><set name="bottomdice">22</set></set></li>#Newline					<li value="3 5 5 5 5"><set name="fourkind"><set name="bottomdice">23</set></set></li>#Newline					<li value="4 5 5 5 5"><set name="fourkind"><set name="bottomdice">24</set></set></li>#Newline					<li value="5 5 5 5 5"><set name="fourkind"><set name="bottomdice">25</set></set></li>#Newline					<li value="5 5 5 5 6"><set name="fourkind"><set name="bottomdice">26</set></set></li>#Newline					<li value="1 6 6 6 6"><set name="fourkind"><set name="bottomdice">25</set></set></li>#Newline					<li value="2 6 6 6 6"><set name="fourkind"><set name="bottomdice">26</set></set></li>#Newline					<li value="3 6 6 6 6"><set name="fourkind"><set name="bottomdice">27</set></set></li>#Newline					<li value="4 6 6 6 6"><set name="fourkind"><set name="bottomdice">28</set></set></li>#Newline					<li value="5 6 6 6 6"><set name="fourkind"><set name="bottomdice">29</set></set></li>#Newline					<li value="6 6 6 6 6"><set name="fourkind"><set name="bottomdice">30</set></set></li>#Newline				</condition>#Newline			</think>#Newline		<srai>YZADDLOWER</srai>#Newline		<srai>YZCHECKENDGAME</srai>#Newline		</li>#Newline		<li>Four Of A Kind has already been played. Please choose another part of the scorecard.<br/><br/><get name="displaydice"/><br/><br/>#Newline	<srai>YZDISPLAYSCOREBOARD</srai><think><set name="topic">YATZY1</set></think></li>#Newline	</condition>,highroller.aiml
0,YZPICK9,*,*,<condition name="fullhouse">#Newline		<li value="??">#Newline			<think>#Newline				<set name="fullhouse"><set name="bottomdice">XX</set></set>#Newline				<condition name="sorteddice">#Newline					<li value="1 1 1 2 2"><set name="fullhouse"><set name="bottomdice">25</set></set></li>#Newline					<li value="1 1 1 3 3"><set name="fullhouse"><set name="bottomdice">25</set></set></li>#Newline					<li value="1 1 1 4 4"><set name="fullhouse"><set name="bottomdice">25</set></set></li>#Newline					<li value="1 1 1 5 5"><set name="fullhouse"><set name="bottomdice">25</set></set></li>#Newline					<li value="1 1 1 6 6"><set name="fullhouse"><set name="bottomdice">25</set></set></li>#Newline					<li value="1 1 2 2 2"><set name="fullhouse"><set name="bottomdice">25</set></set></li>#Newline					<li value="2 2 2 3 3"><set name="fullhouse"><set name="bottomdice">25</set></set></li>#Newline					<li value="2 2 2 4 4"><set name="fullhouse"><set name="bottomdice">25</set></set></li>#Newline					<li value="2 2 2 5 5"><set name="fullhouse"><set name="bottomdice">25</set></set></li>#Newline					<li value="2 2 2 6 6"><set name="fullhouse"><set name="bottomdice">25</set></set></li>#Newline					<li value="1 1 3 3 3"><set name="fullhouse"><set name="bottomdice">25</set></set></li>#Newline					<li value="2 2 3 3 3"><set name="fullhouse"><set name="bottomdice">25</set></set></li>#Newline					<li value="3 3 3 4 4"><set name="fullhouse"><set name="bottomdice">25</set></set></li>#Newline					<li value="3 3 3 5 5"><set name="fullhouse"><set name="bottomdice">25</set></set></li>#Newline					<li value="3 3 3 6 6"><set name="fullhouse"><set name="bottomdice">25</set></set></li>#Newline					<li value="1 1 4 4 4"><set name="fullhouse"><set name="bottomdice">25</set></set></li>#Newline					<li value="2 2 4 4 4"><set name="fullhouse"><set name="bottomdice">25</set></set></li>#Newline					<li value="3 3 4 4 4"><set name="fullhouse"><set name="bottomdice">25</set></set></li>#Newline					<li value="4 4 4 5 5"><set name="fullhouse"><set name="bottomdice">25</set></set></li>#Newline					<li value="4 4 4 6 6"><set name="fullhouse"><set name="bottomdice">25</set></set></li>#Newline					<li value="1 1 5 5 5"><set name="fullhouse"><set name="bottomdice">25</set></set></li>#Newline					<li value="2 2 5 5 5"><set name="fullhouse"><set name="bottomdice">25</set></set></li>#Newline					<li value="3 3 5 5 5"><set name="fullhouse"><set name="bottomdice">25</set></set></li>#Newline					<li value="4 4 5 5 5"><set name="fullhouse"><set name="bottomdice">25</set></set></li>#Newline					<li value="5 5 5 6 6"><set name="fullhouse"><set name="bottomdice">25</set></set></li>#Newline					<li value="1 1 6 6 6"><set name="fullhouse"><set name="bottomdice">25</set></set></li>#Newline					<li value="2 2 6 6 6"><set name="fullhouse"><set name="bottomdice">25</set></set></li>#Newline					<li value="3 3 6 6 6"><set name="fullhouse"><set name="bottomdice">25</set></set></li>#Newline					<li value="4 4 6 6 6"><set name="fullhouse"><set name="bottomdice">25</set></set></li>#Newline					<li value="5 5 6 6 6"><set name="fullhouse"><set name="bottomdice">25</set></set></li>#Newline				</condition>#Newline			</think>#Newline		<srai>YZADDLOWER</srai>#Newline		<srai>YZCHECKENDGAME</srai>#Newline		</li>#Newline		<li>Full House has already been played. Please choose another part of the scorecard.<br/><br/><get name="displaydice"/><br/><br/>#Newline	<srai>YZDISPLAYSCOREBOARD</srai><think><set name="topic">YATZY1</set></think></li>#Newline	</condition>,highroller.aiml
0,YZPICK10,*,*,<condition name="smstraight">#Newline		<li value="??">#Newline			<think>#Newline				<set name="smstraight"><set name="bottomdice">XX</set></set>#Newline				<condition name="sorteddice">#Newline					<li value="1 1 2 3 4"><set name="smstraight"><set name="bottomdice">30</set></set></li>#Newline					<li value="1 2 2 3 4"><set name="smstraight"><set name="bottomdice">30</set></set></li>#Newline					<li value="1 2 3 3 4"><set name="smstraight"><set name="bottomdice">30</set></set></li>#Newline					<li value="1 2 3 4 4"><set name="smstraight"><set name="bottomdice">30</set></set></li>#Newline					<li value="1 2 3 4 5"><set name="smstraight"><set name="bottomdice">30</set></set></li>#Newline					<li value="1 2 3 4 6"><set name="smstraight"><set name="bottomdice">30</set></set></li>#Newline					<li value="1 3 4 5 6"><set name="smstraight"><set name="bottomdice">30</set></set></li>#Newline					<li value="2 2 3 4 5"><set name="smstraight"><set name="bottomdice">30</set></set></li>#Newline					<li value="2 3 3 4 5"><set name="smstraight"><set name="bottomdice">30</set></set></li>#Newline					<li value="2 3 4 4 5"><set name="smstraight"><set name="bottomdice">30</set></set></li>#Newline					<li value="2 3 4 5 5"><set name="smstraight"><set name="bottomdice">30</set></set></li>#Newline					<li value="2 3 4 5 6"><set name="smstraight"><set name="bottomdice">30</set></set></li>#Newline					<li value="3 3 4 5 6"><set name="smstraight"><set name="bottomdice">30</set></set></li>#Newline					<li value="3 4 4 5 6"><set name="smstraight"><set name="bottomdice">30</set></set></li>#Newline					<li value="3 4 5 5 6"><set name="smstraight"><set name="bottomdice">30</set></set></li>#Newline					<li value="3 4 5 6 6"><set name="smstraight"><set name="bottomdice">30</set></set></li>#Newline				</condition>#Newline			</think>#Newline		<srai>YZADDLOWER</srai>#Newline		<srai>YZCHECKENDGAME</srai>#Newline		</li>#Newline		<li>Small Straight has already been played. Please choose another part of the scorecard.<br/><br/><get name="displaydice"/><br/><br/>#Newline	<srai>YZDISPLAYSCOREBOARD</srai><think><set name="topic">YATZY1</set></think></li>#Newline	</condition>,highroller.aiml
0,YZPICK11,*,*,<condition name="lgstraight">#Newline		<li value="??">#Newline			<think>#Newline				<set name="lgstraight"><set name="bottomdice">XX</set></set>#Newline				<condition name="sorteddice">#Newline					<li value="1 2 3 4 5"><set name="lgstraight"><set name="bottomdice">40</set></set></li>#Newline					<li value="2 3 4 5 6"><set name="lgstraight"><set name="bottomdice">40</set></set></li>#Newline				</condition>#Newline			</think>#Newline		<srai>YZADDLOWER</srai>#Newline		<srai>YZCHECKENDGAME</srai>#Newline		</li>#Newline		<li>Large Straight has already been played. Please choose another part of the scorecard.<br/><br/><get name="displaydice"/><br/><br/>#Newline	<srai>YZDISPLAYSCOREBOARD</srai><think><set name="topic">YATZY1</set></think></li>#Newline	</condition>,highroller.aiml
0,YZPICK12,*,*,<think>#Newline		<set name="bottomdice">XX</set>#Newline		<condition name="sorteddice">#Newline			<li value="1 1 1 1 1"><set name="bottomdice">50</set></li>#Newline			<li value="2 2 2 2 2"><set name="bottomdice">50</set></li>#Newline			<li value="3 3 3 3 3"><set name="bottomdice">50</set></li>#Newline			<li value="4 4 4 4 4"><set name="bottomdice">50</set></li>#Newline			<li value="5 5 5 5 5"><set name="bottomdice">50</set></li>#Newline			<li value="6 6 6 6 6"><set name="bottomdice">50</set></li>#Newline		</condition>#Newline		<set name="yatzycheck"><get name="yatzy"/><get name="bottomdice"/></set>#Newline	</think>#Newline	<condition name="yatzycheck">#Newline		<li value="?? XX"><think><set name="yatzy">XX</set></think><srai>YZCHECKENDGAME</srai></li>#Newline		<li value="XX XX">5 of a kind has already been played. Please choose another part of the scorecard.<br/><br/><get name="displaydice"/><br/><br/><srai>YZDISPLAYSCOREBOARD</srai><think><set name="topic">YATZY1</set></think></li>#Newline		<li value="XX 50">5 of a kind has already been played. Please choose another part of the scorecard.<br/><br/><get name="displaydice"/><br/><br/><srai>YZDISPLAYSCOREBOARD</srai><think><set name="topic">YATZY1</set></think></li>#Newline		<li value="50 XX">That is not 5 of a kind. Please choose another part of the scorecard.<br/><br/><get name="displaydice"/><br/><br/><srai>YZDISPLAYSCOREBOARD</srai><think><set name="topic">YATZY1</set></think></li>#Newline		<li value="150 XX">That is not 5 of a kind. Please choose another part of the scorecard.<br/><br/><get name="displaydice"/><br/><br/><srai>YZDISPLAYSCOREBOARD</srai><think><set name="topic">YATZY1</set></think></li>#Newline		<li value="250 XX">That is not 5 of a kind. Please choose another part of the scorecard.<br/><br/><get name="displaydice"/><br/><br/><srai>YZDISPLAYSCOREBOARD</srai><think><set name="topic">YATZY1</set></think></li>#Newline		<li value="?? 50"><think><set name="yatzy"><set name="bottomdice">50</set></set></think><srai>YZADDLOWER</srai><srai>YZCHECKENDGAME</srai></li>#Newline		<li value="50 50"><think><set name="yatzy">150</set><set name="bottomdice">100</set></think><srai>YZADDLOWER</srai><srai>YZCHECKENDGAME</srai></li>#Newline		<li value="150 50"><think><set name="yatzy">250</set><set name="bottomdice">100</set></think><srai>YZADDLOWER</srai><srai>YZCHECKENDGAME</srai></li>#Newline		<li value="250 50"><think><set name="yatzy">350</set><set name="bottomdice">100</set></think><srai>YZADDLOWER</srai><srai>YZCHECKENDGAME</srai></li>#Newline	</condition>,highroller.aiml
0,YZPICK13,*,*,<condition name="chance">#Newline		<li value="??">#Newline			<think>#Newline				<set name="chance"><set name="bottomdice"><get name="totaldice"/></set></set>#Newline			</think>#Newline		<srai>YZADDLOWER</srai>#Newline		<srai>YZCHECKENDGAME</srai>#Newline		</li>#Newline		<li>Chance has already been played. Please choose another part of the scorecard.<br/><br/><get name="displaydice"/><br/><br/>#Newline	<srai>YZDISPLAYSCOREBOARD</srai><think><set name="topic">YATZY1</set></think></li>#Newline	</condition>,highroller.aiml
0,YZADDUPPER,*,*,<think>#Newline		<set name="topdice"><get name="kount"/></set>#Newline		<set name="kount"><get name="subupper"/></set>#Newline		<condition name="topdice">#Newline			<li value="1"><srai>TOTADD1</srai></li>#Newline			<li value="2"><srai>TOTADD2</srai></li>#Newline			<li value="3"><srai>TOTADD3</srai></li>#Newline			<li value="4"><srai>TOTADD4</srai></li>#Newline			<li value="5"><srai>TOTADD5</srai></li>#Newline			<li value="6"><srai>TOTADD6</srai></li>#Newline			<li value="8"><srai>TOTADD4</srai><srai>TOTADD4</srai></li>#Newline			<li value="9"><srai>TOTADD5</srai><srai>TOTADD4</srai></li>#Newline			<li value="10"><srai>TOTADD10</srai></li>#Newline			<li value="12"><srai>TOTADD6</srai><srai>TOTADD6</srai></li>#Newline			<li value="15"><srai>TOTADD10</srai><srai>TOTADD5</srai></li>#Newline			<li value="16"><srai>TOTADD10</srai><srai>TOTADD6</srai></li>#Newline			<li value="18"><srai>TOTADD6</srai><srai>TOTADD6</srai><srai>TOTADD6</srai></li>#Newline			<li value="20"><srai>TOTADD20</srai></li>#Newline			<li value="24"><srai>TOTADD20</srai><srai>TOTADD4</srai></li>#Newline			<li value="25"><srai>TOTADD20</srai><srai>TOTADD5</srai></li>#Newline			<li value="36"><srai>TOTADD20</srai><srai>TOTADD10</srai><srai>TOTADD6</srai></li>#Newline		</condition>#Newline		<set name="subupper"><get name="kount"/></set>#Newline		<set name="kount"><get name="uppertot"/></set>#Newline		<condition name="topdice">#Newline			<li value="1"><srai>TOTADD1</srai></li>#Newline			<li value="2"><srai>TOTADD2</srai></li>#Newline			<li value="3"><srai>TOTADD3</srai></li>#Newline			<li value="4"><srai>TOTADD4</srai></li>#Newline			<li value="5"><srai>TOTADD5</srai></li>#Newline			<li value="6"><srai>TOTADD6</srai></li>#Newline			<li value="8"><srai>TOTADD4</srai><srai>TOTADD4</srai></li>#Newline			<li value="9"><srai>TOTADD5</srai><srai>TOTADD4</srai></li>#Newline			<li value="10"><srai>TOTADD10</srai></li>#Newline			<li value="12"><srai>TOTADD6</srai><srai>TOTADD6</srai></li>#Newline			<li value="15"><srai>TOTADD10</srai><srai>TOTADD5</srai></li>#Newline			<li value="16"><srai>TOTADD10</srai><srai>TOTADD6</srai></li>#Newline			<li value="18"><srai>TOTADD6</srai><srai>TOTADD6</srai><srai>TOTADD6</srai></li>#Newline			<li value="20"><srai>TOTADD20</srai></li>#Newline			<li value="24"><srai>TOTADD20</srai><srai>TOTADD4</srai></li>#Newline			<li value="25"><srai>TOTADD20</srai><srai>TOTADD5</srai></li>#Newline			<li value="36"><srai>TOTADD20</srai><srai>TOTADD10</srai><srai>TOTADD6</srai></li>#Newline		</condition>#Newline		<set name="uppertot"><get name="kount"/></set>#Newline		<set name="63check"><get name="63bonus"/><get name="subupper"/></set>#Newline		<condition name="63check">#Newline			<li value="0 63"><set name="63bonus">35</set><srai>YZADDBONUS</srai></li>#Newline			<li value="0 64"><set name="63bonus">35</set><srai>YZADDBONUS</srai></li>#Newline			<li value="0 65"><set name="63bonus">35</set><srai>YZADDBONUS</srai></li>#Newline			<li value="0 66"><set name="63bonus">35</set><srai>YZADDBONUS</srai></li>#Newline			<li value="0 67"><set name="63bonus">35</set><srai>YZADDBONUS</srai></li>#Newline			<li value="0 68"><set name="63bonus">35</set><srai>YZADDBONUS</srai></li>#Newline			<li value="0 69"><set name="63bonus">35</set><srai>YZADDBONUS</srai></li>#Newline			<li value="0 70"><set name="63bonus">35</set><srai>YZADDBONUS</srai></li>#Newline			<li value="0 71"><set name="63bonus">35</set><srai>YZADDBONUS</srai></li>#Newline			<li value="0 72"><set name="63bonus">35</set><srai>YZADDBONUS</srai></li>#Newline			<li value="0 73"><set name="63bonus">35</set><srai>YZADDBONUS</srai></li>#Newline			<li value="0 74"><set name="63bonus">35</set><srai>YZADDBONUS</srai></li>#Newline			<li value="0 75"><set name="63bonus">35</set><srai>YZADDBONUS</srai></li>#Newline			<li value="0 76"><set name="63bonus">35</set><srai>YZADDBONUS</srai></li>#Newline			<li value="0 77"><set name="63bonus">35</set><srai>YZADDBONUS</srai></li>#Newline			<li value="0 78"><set name="63bonus">35</set><srai>YZADDBONUS</srai></li>#Newline			<li value="0 79"><set name="63bonus">35</set><srai>YZADDBONUS</srai></li>#Newline			<li value="0 80"><set name="63bonus">35</set><srai>YZADDBONUS</srai></li>#Newline			<li value="0 81"><set name="63bonus">35</set><srai>YZADDBONUS</srai></li>#Newline			<li value="0 82"><set name="63bonus">35</set><srai>YZADDBONUS</srai></li>#Newline			<li value="0 83"><set name="63bonus">35</set><srai>YZADDBONUS</srai></li>#Newline			<li value="0 84"><set name="63bonus">35</set><srai>YZADDBONUS</srai></li>#Newline			<li value="0 85"><set name="63bonus">35</set><srai>YZADDBONUS</srai></li>#Newline			<li value="0 86"><set name="63bonus">35</set><srai>YZADDBONUS</srai></li>#Newline			<li value="0 87"><set name="63bonus">35</set><srai>YZADDBONUS</srai></li>#Newline			<li value="0 88"><set name="63bonus">35</set><srai>YZADDBONUS</srai></li>#Newline			<li value="0 89"><set name="63bonus">35</set><srai>YZADDBONUS</srai></li>#Newline			<li value="0 90"><set name="63bonus">35</set><srai>YZADDBONUS</srai></li>#Newline			<li value="0 91"><set name="63bonus">35</set><srai>YZADDBONUS</srai></li>#Newline			<li value="0 92"><set name="63bonus">35</set><srai>YZADDBONUS</srai></li>#Newline			<li value="0 93"><set name="63bonus">35</set><srai>YZADDBONUS</srai></li>#Newline			<li value="0 94"><set name="63bonus">35</set><srai>YZADDBONUS</srai></li>#Newline			<li value="0 95"><set name="63bonus">35</set><srai>YZADDBONUS</srai></li>#Newline			<li value="0 96"><set name="63bonus">35</set><srai>YZADDBONUS</srai></li>#Newline		</condition>#Newline	</think>,highroller.aiml
0,YZADDBONUS,*,*,<think>#Newline		<set name="kount"><get name="uppertot"/></set>#Newline		<srai>TOTADD10</srai>#Newline		<srai>TOTADD10</srai>#Newline		<srai>TOTADD10</srai>#Newline		<srai>TOTADD5</srai>#Newline		<set name="uppertot"><get name="kount"/></set>#Newline	</think>,highroller.aiml
0,YZADDLOWER,*,*,<think>#Newline	<set name="kount"><get name="lowertot"/></set>#Newline		<condition name="bottomdice">#Newline			<li value="5"><srai>TOTADD5</srai></li>#Newline			<li value="6"><srai>TOTADD6</srai></li>#Newline			<li value="7"><srai>TOTADD5</srai><srai>TOTADD2</srai></li>#Newline			<li value="8"><srai>TOTADD5</srai><srai>TOTADD3</srai></li>#Newline			<li value="9"><srai>TOTADD5</srai><srai>TOTADD4</srai></li>#Newline			<li value="10"><srai>TOTADD10</srai></li>#Newline			<li value="11"><srai>TOTADD10</srai><srai>TOTADD1</srai></li>#Newline			<li value="12"><srai>TOTADD10</srai><srai>TOTADD2</srai></li>#Newline			<li value="13"><srai>TOTADD10</srai><srai>TOTADD3</srai></li>#Newline			<li value="14"><srai>TOTADD10</srai><srai>TOTADD4</srai></li>#Newline			<li value="15"><srai>TOTADD10</srai><srai>TOTADD5</srai></li>#Newline			<li value="16"><srai>TOTADD10</srai><srai>TOTADD6</srai></li>#Newline			<li value="17"><srai>TOTADD10</srai><srai>TOTADD5</srai><srai>TOTADD2</srai></li>#Newline			<li value="18"><srai>TOTADD10</srai><srai>TOTADD5</srai><srai>TOTADD3</srai></li>#Newline			<li value="19"><srai>TOTADD10</srai><srai>TOTADD5</srai><srai>TOTADD4</srai></li>#Newline			<li value="20"><srai>TOTADD20</srai></li>#Newline			<li value="21"><srai>TOTADD20</srai><srai>TOTADD1</srai></li>#Newline			<li value="22"><srai>TOTADD20</srai><srai>TOTADD2</srai></li>#Newline			<li value="23"><srai>TOTADD20</srai><srai>TOTADD3</srai></li>#Newline			<li value="24"><srai>TOTADD20</srai><srai>TOTADD4</srai></li>#Newline			<li value="25"><srai>TOTADD20</srai><srai>TOTADD5</srai></li>#Newline			<li value="26"><srai>TOTADD20</srai><srai>TOTADD6</srai></li>#Newline			<li value="27"><srai>TOTADD20</srai><srai>TOTADD5</srai><srai>TOTADD2</srai></li>#Newline			<li value="28"><srai>TOTADD20</srai><srai>TOTADD5</srai><srai>TOTADD3</srai></li>#Newline			<li value="29"><srai>TOTADD20</srai><srai>TOTADD5</srai><srai>TOTADD4</srai></li>#Newline			<li value="30"><srai>TOTADD20</srai><srai>TOTADD10</srai></li>#Newline			<li value="40"><srai>TOTADD20</srai><srai>TOTADD20</srai></li>#Newline			<li value="50"><srai>TOTADD20</srai><srai>TOTADD20</srai><srai>TOTADD10</srai></li>#Newline			<li value="100"><srai>TOTADD20</srai><srai>TOTADD20</srai><srai>TOTADD20</srai><srai>TOTADD20</srai><srai>TOTADD20</srai></li>#Newline		</condition>#Newline		<set name="lowertot"><get name="kount"/></set>#Newline	</think>,highroller.aiml
0,YZCHECKENDGAME,*,*,<think>#Newline		<set name="grandtot"><get name="lowertot"/></set>#Newline		<set name="kount"><get name="grandtot"/></set>#Newline		<condition name="subupper">#Newline			<li value="1"><srai>TOTADD1</srai></li>#Newline			<li value="2"><srai>TOTADD2</srai></li>#Newline			<li value="3"><srai>TOTADD3</srai></li>#Newline			<li value="4"><srai>TOTADD4</srai></li>#Newline			<li value="5"><srai>TOTADD5</srai></li>#Newline			<li value="6"><srai>TOTADD6</srai></li>#Newline			<li value="7"><srai>TOTADD5</srai><srai>TOTADD2</srai></li>#Newline			<li value="8"><srai>TOTADD5</srai><srai>TOTADD3</srai></li>#Newline			<li value="9"><srai>TOTADD5</srai><srai>TOTADD4</srai></li>#Newline			<li value="10"><srai>TOTADD10</srai></li>#Newline			<li value="11"><srai>TOTADD10</srai><srai>TOTADD1</srai></li>#Newline			<li value="12"><srai>TOTADD10</srai><srai>TOTADD2</srai></li>#Newline			<li value="13"><srai>TOTADD10</srai><srai>TOTADD3</srai></li>#Newline			<li value="14"><srai>TOTADD10</srai><srai>TOTADD4</srai></li>#Newline			<li value="15"><srai>TOTADD10</srai><srai>TOTADD5</srai></li>#Newline			<li value="16"><srai>TOTADD10</srai><srai>TOTADD6</srai></li>#Newline			<li value="17"><srai>TOTADD10</srai><srai>TOTADD5</srai><srai>TOTADD2</srai></li>#Newline			<li value="18"><srai>TOTADD10</srai><srai>TOTADD5</srai><srai>TOTADD3</srai></li>#Newline			<li value="19"><srai>TOTADD10</srai><srai>TOTADD5</srai><srai>TOTADD4</srai></li>#Newline			<li value="20"><srai>TOTADD20</srai></li>#Newline			<li value="21"><srai>TOTADD20</srai><srai>TOTADD1</srai></li>#Newline			<li value="22"><srai>TOTADD20</srai><srai>TOTADD2</srai></li>#Newline			<li value="23"><srai>TOTADD20</srai><srai>TOTADD3</srai></li>#Newline			<li value="24"><srai>TOTADD20</srai><srai>TOTADD4</srai></li>#Newline			<li value="25"><srai>TOTADD20</srai><srai>TOTADD5</srai></li>#Newline			<li value="26"><srai>TOTADD20</srai><srai>TOTADD6</srai></li>#Newline			<li value="27"><srai>TOTADD20</srai><srai>TOTADD5</srai><srai>TOTADD2</srai></li>#Newline			<li value="28"><srai>TOTADD20</srai><srai>TOTADD5</srai><srai>TOTADD3</srai></li>#Newline			<li value="29"><srai>TOTADD20</srai><srai>TOTADD5</srai><srai>TOTADD4</srai></li>#Newline			<li value="30"><srai>TOTADD20</srai><srai>TOTADD10</srai></li>#Newline			<li value="31"><srai>TOTADD20</srai><srai>TOTADD10</srai><srai>TOTADD1</srai></li>#Newline			<li value="32"><srai>TOTADD20</srai><srai>TOTADD10</srai><srai>TOTADD2</srai></li>#Newline			<li value="33"><srai>TOTADD20</srai><srai>TOTADD10</srai><srai>TOTADD3</srai></li>#Newline			<li value="34"><srai>TOTADD20</srai><srai>TOTADD10</srai><srai>TOTADD4</srai></li>#Newline			<li value="35"><srai>TOTADD20</srai><srai>TOTADD10</srai><srai>TOTADD5</srai></li>#Newline			<li value="36"><srai>TOTADD20</srai><srai>TOTADD10</srai><srai>TOTADD6</srai></li>#Newline			<li value="37"><srai>TOTADD20</srai><srai>TOTADD10</srai><srai>TOTADD5</srai><srai>TOTADD2</srai></li>#Newline			<li value="38"><srai>TOTADD20</srai><srai>TOTADD10</srai><srai>TOTADD5</srai><srai>TOTADD3</srai></li>#Newline			<li value="39"><srai>TOTADD20</srai><srai>TOTADD10</srai><srai>TOTADD5</srai><srai>TOTADD4</srai></li>#Newline			<li value="40"><srai>TOTADD20</srai><srai>TOTADD20</srai></li>#Newline			<li value="41"><srai>TOTADD20</srai><srai>TOTADD20</srai><srai>TOTADD1</srai></li>#Newline			<li value="42"><srai>TOTADD20</srai><srai>TOTADD20</srai><srai>TOTADD2</srai></li>#Newline			<li value="43"><srai>TOTADD20</srai><srai>TOTADD20</srai><srai>TOTADD3</srai></li>#Newline			<li value="44"><srai>TOTADD20</srai><srai>TOTADD20</srai><srai>TOTADD4</srai></li>#Newline			<li value="45"><srai>TOTADD20</srai><srai>TOTADD20</srai><srai>TOTADD5</srai></li>#Newline			<li value="46"><srai>TOTADD20</srai><srai>TOTADD20</srai><srai>TOTADD6</srai></li>#Newline			<li value="47"><srai>TOTADD20</srai><srai>TOTADD20</srai><srai>TOTADD5</srai><srai>TOTADD2</srai></li>#Newline			<li value="48"><srai>TOTADD20</srai><srai>TOTADD20</srai><srai>TOTADD5</srai><srai>TOTADD3</srai></li>#Newline			<li value="49"><srai>TOTADD20</srai><srai>TOTADD20</srai><srai>TOTADD5</srai><srai>TOTADD4</srai></li>#Newline			<li value="50"><srai>TOTADD20</srai><srai>TOTADD20</srai><srai>TOTADD10</srai></li>#Newline			<li value="51"><srai>TOTADD20</srai><srai>TOTADD20</srai><srai>TOTADD10</srai><srai>TOTADD1</srai></li>#Newline			<li value="52"><srai>TOTADD20</srai><srai>TOTADD20</srai><srai>TOTADD10</srai><srai>TOTADD2</srai></li>#Newline			<li value="53"><srai>TOTADD20</srai><srai>TOTADD20</srai><srai>TOTADD10</srai><srai>TOTADD3</srai></li>#Newline			<li value="54"><srai>TOTADD20</srai><srai>TOTADD20</srai><srai>TOTADD10</srai><srai>TOTADD4</srai></li>#Newline			<li value="55"><srai>TOTADD20</srai><srai>TOTADD20</srai><srai>TOTADD10</srai><srai>TOTADD5</srai></li>#Newline			<li value="56"><srai>TOTADD20</srai><srai>TOTADD20</srai><srai>TOTADD10</srai><srai>TOTADD6</srai></li>#Newline			<li value="57"><srai>TOTADD20</srai><srai>TOTADD20</srai><srai>TOTADD10</srai><srai>TOTADD5</srai><srai>TOTADD2</srai></li>#Newline			<li value="58"><srai>TOTADD20</srai><srai>TOTADD20</srai><srai>TOTADD10</srai><srai>TOTADD5</srai><srai>TOTADD3</srai></li>#Newline			<li value="59"><srai>TOTADD20</srai><srai>TOTADD20</srai><srai>TOTADD10</srai><srai>TOTADD5</srai><srai>TOTADD4</srai></li>#Newline			<li value="60"><srai>TOTADD20</srai><srai>TOTADD20</srai><srai>TOTADD20</srai></li>#Newline			<li value="61"><srai>TOTADD20</srai><srai>TOTADD20</srai><srai>TOTADD20</srai><srai>TOTADD1</srai></li>#Newline			<li value="62"><srai>TOTADD20</srai><srai>TOTADD20</srai><srai>TOTADD20</srai><srai>TOTADD2</srai></li>#Newline			<li value="63"><srai>TOTADD20</srai><srai>TOTADD20</srai><srai>TOTADD20</srai><srai>TOTADD3</srai></li>#Newline			<li value="64"><srai>TOTADD20</srai><srai>TOTADD20</srai><srai>TOTADD20</srai><srai>TOTADD4</srai></li>#Newline			<li value="65"><srai>TOTADD20</srai><srai>TOTADD20</srai><srai>TOTADD20</srai><srai>TOTADD5</srai></li>#Newline			<li value="66"><srai>TOTADD20</srai><srai>TOTADD20</srai><srai>TOTADD20</srai><srai>TOTADD6</srai></li>#Newline			<li value="67"><srai>TOTADD20</srai><srai>TOTADD20</srai><srai>TOTADD20</srai><srai>TOTADD5</srai><srai>TOTADD2</srai></li>#Newline			<li value="68"><srai>TOTADD20</srai><srai>TOTADD20</srai><srai>TOTADD20</srai><srai>TOTADD5</srai><srai>TOTADD3</srai></li>#Newline			<li value="69"><srai>TOTADD20</srai><srai>TOTADD20</srai><srai>TOTADD20</srai><srai>TOTADD5</srai><srai>TOTADD4</srai></li>#Newline			<li value="70"><srai>TOTADD20</srai><srai>TOTADD20</srai><srai>TOTADD20</srai><srai>TOTADD10</srai></li>#Newline			<li value="71"><srai>TOTADD20</srai><srai>TOTADD20</srai><srai>TOTADD20</srai><srai>TOTADD10</srai><srai>TOTADD1</srai></li>#Newline			<li value="72"><srai>TOTADD20</srai><srai>TOTADD20</srai><srai>TOTADD20</srai><srai>TOTADD10</srai><srai>TOTADD2</srai></li>#Newline			<li value="73"><srai>TOTADD20</srai><srai>TOTADD20</srai><srai>TOTADD20</srai><srai>TOTADD10</srai><srai>TOTADD3</srai></li>#Newline			<li value="74"><srai>TOTADD20</srai><srai>TOTADD20</srai><srai>TOTADD20</srai><srai>TOTADD10</srai><srai>TOTADD4</srai></li>#Newline			<li value="75"><srai>TOTADD20</srai><srai>TOTADD20</srai><srai>TOTADD20</srai><srai>TOTADD10</srai><srai>TOTADD5</srai></li>#Newline			<li value="76"><srai>TOTADD20</srai><srai>TOTADD20</srai><srai>TOTADD20</srai><srai>TOTADD10</srai><srai>TOTADD6</srai></li>#Newline			<li value="77"><srai>TOTADD20</srai><srai>TOTADD20</srai><srai>TOTADD20</srai><srai>TOTADD10</srai><srai>TOTADD5</srai><srai>TOTADD2</srai></li>#Newline			<li value="78"><srai>TOTADD20</srai><srai>TOTADD20</srai><srai>TOTADD20</srai><srai>TOTADD10</srai><srai>TOTADD5</srai><srai>TOTADD3</srai></li>#Newline			<li value="79"><srai>TOTADD20</srai><srai>TOTADD20</srai><srai>TOTADD20</srai><srai>TOTADD10</srai><srai>TOTADD5</srai><srai>TOTADD4</srai></li>#Newline			<li value="80"><srai>TOTADD20</srai><srai>TOTADD20</srai><srai>TOTADD20</srai><srai>TOTADD20</srai></li>#Newline			<li value="81"><srai>TOTADD20</srai><srai>TOTADD20</srai><srai>TOTADD20</srai><srai>TOTADD20</srai><srai>TOTADD1</srai></li>#Newline			<li value="82"><srai>TOTADD20</srai><srai>TOTADD20</srai><srai>TOTADD20</srai><srai>TOTADD20</srai><srai>TOTADD2</srai></li>#Newline			<li value="83"><srai>TOTADD20</srai><srai>TOTADD20</srai><srai>TOTADD20</srai><srai>TOTADD20</srai><srai>TOTADD3</srai></li>#Newline			<li value="84"><srai>TOTADD20</srai><srai>TOTADD20</srai><srai>TOTADD20</srai><srai>TOTADD20</srai><srai>TOTADD4</srai></li>#Newline		</condition>#Newline		<condition name="63bonus">#Newline			<li value="35"><srai>TOTADD20</srai><srai>TOTADD10</srai><srai>TOTADD5</srai></li>#Newline		</condition>#Newline		<set name="grandtot"><get name="kount"/></set>#Newline		<set name="dice1lock">0</set>#Newline		<set name="dice2lock">0</set>#Newline		<set name="dice3lock">0</set>#Newline		<set name="dice4lock">0</set>#Newline		<set name="dice5lock">0</set>#Newline		<set name="rollnumber">0</set>#Newline		<set name="gameover">Y</set>#Newline		<condition name="onetotal"><li value="??"><set name="gameover">N</set></li></condition>#Newline		<condition name="twototal"><li value="??"><set name="gameover">N</set></li></condition>#Newline		<condition name="threetotal"><li value="??"><set name="gameover">N</set></li></condition>#Newline		<condition name="fourtotal"><li value="??"><set name="gameover">N</set></li></condition>#Newline		<condition name="fivetotal"><li value="??"><set name="gameover">N</set></li></condition>#Newline		<condition name="sixtotal"><li value="??"><set name="gameover">N</set></li></condition>#Newline		<condition name="threekind"><li value="??"><set name="gameover">N</set></li></condition>#Newline		<condition name="fourkind"><li value="??"><set name="gameover">N</set></li></condition>#Newline		<condition name="fullhouse"><li value="??"><set name="gameover">N</set></li></condition>#Newline		<condition name="smstraight"><li value="??"><set name="gameover">N</set></li></condition>#Newline		<condition name="lgstraight"><li value="??"><set name="gameover">N</set></li></condition>#Newline		<condition name="yatzy"><li value="??"><set name="gameover">N</set></li></condition>#Newline		<condition name="chance"><li value="??"><set name="gameover">N</set></li></condition>#Newline	</think>#Newline	<condition name="gameover">#Newline		<li value="Y"><srai>YZGAMEOVER</srai></li>#Newline		<li><srai>YZROLLLOOP</srai></li>#Newline	</condition>,highroller.aiml
0,YZGAMEOVER,*,*,<srai>YZDISPLAYSCOREBOARD</srai><br/><br/>#NewlineGame Over!! Thank you for playing.,highroller.aiml
0,YZQUITGAME,*,*,Thank you for playing. What would you like to do now?,highroller.aiml
0,YZADD2,*,*,<srai>YZADD1</srai>#Newline	<srai>YZADD1</srai>,highroller.aiml
0,YZADD3,*,*,<srai>YZADD2</srai>#Newline	<srai>YZADD1</srai>,highroller.aiml
0,YZADD4,*,*,<srai>YZADD2</srai>#Newline	<srai>YZADD2</srai>,highroller.aiml
0,YZADD5,*,*,<srai>YZADD3</srai>#Newline	<srai>YZADD2</srai>,highroller.aiml
0,YZADD6,*,*,<srai>YZADD3</srai>#Newline	<srai>YZADD3</srai>,highroller.aiml
0,YZADD1,*,*,<think>#Newline	<condition name="totaldice"> #Newline		<li value="0"><set name="totaldice">1</set></li>#Newline		<li value="1"><set name="totaldice">2</set></li> #Newline		<li value="2"><set name="totaldice">3</set></li> #Newline		<li value="3"><set name="totaldice">4</set></li> #Newline		<li value="4"><set name="totaldice">5</set></li> #Newline		<li value="5"><set name="totaldice">6</set></li> #Newline		<li value="6"><set name="totaldice">7</set></li> #Newline		<li value="7"><set name="totaldice">8</set></li> #Newline		<li value="8"><set name="totaldice">9</set></li> #Newline		<li value="9"><set name="totaldice">10</set></li> #Newline		<li value="10"><set name="totaldice">11</set></li>#Newline		<li value="11"><set name="totaldice">12</set></li> #Newline		<li value="12"><set name="totaldice">13</set></li> #Newline		<li value="13"><set name="totaldice">14</set></li> #Newline		<li value="14"><set name="totaldice">15</set></li> #Newline		<li value="15"><set name="totaldice">16</set></li> #Newline		<li value="16"><set name="totaldice">17</set></li> #Newline		<li value="17"><set name="totaldice">18</set></li> #Newline		<li value="18"><set name="totaldice">19</set></li> #Newline		<li value="19"><set name="totaldice">20</set></li> #Newline		<li value="20"><set name="totaldice">21</set></li>#Newline		<li value="21"><set name="totaldice">22</set></li> #Newline		<li value="22"><set name="totaldice">23</set></li> #Newline		<li value="23"><set name="totaldice">24</set></li> #Newline		<li value="24"><set name="totaldice">25</set></li> #Newline		<li value="25"><set name="totaldice">26</set></li> #Newline		<li value="26"><set name="totaldice">27</set></li> #Newline		<li value="27"><set name="totaldice">28</set></li> #Newline		<li value="28"><set name="totaldice">29</set></li> #Newline		<li value="29"><set name="totaldice">30</set></li> #Newline		<li value="30"><set name="totaldice">31</set></li>#Newline		<li value="31"><set name="totaldice">32</set></li> #Newline		<li value="32"><set name="totaldice">33</set></li> #Newline		<li value="33"><set name="totaldice">34</set></li> #Newline		<li value="34"><set name="totaldice">35</set></li> #Newline		<li value="35"><set name="totaldice">36</set></li> #Newline		<li value="36"><set name="totaldice">ERROR</set></li> #Newline	</condition>#Newline</think>,highroller.aiml
0,TOTADD2,*,*,<srai>TOTADD1</srai>#Newline	<srai>TOTADD1</srai>,highroller.aiml
0,TOTADD3,*,*,<srai>TOTADD2</srai>#Newline	<srai>TOTADD1</srai>,highroller.aiml
0,TOTADD4,*,*,<srai>TOTADD2</srai>#Newline	<srai>TOTADD2</srai>,highroller.aiml
0,TOTADD5,*,*,<srai>TOTADD3</srai>#Newline	<srai>TOTADD2</srai>,highroller.aiml
0,TOTADD6,*,*,<srai>TOTADD3</srai>#Newline	<srai>TOTADD3</srai>,highroller.aiml
0,TOTADD10,*,*,<srai>TOTADD5</srai>#Newline	<srai>TOTADD5</srai>,highroller.aiml
0,TOTADD20,*,*,<srai>TOTADD10</srai>#Newline	<srai>TOTADD10</srai>,highroller.aiml
0,TOTADD1,*,*,<think>#Newline	<condition name="kount"> #Newline		<li value="0"><set name="kount">1</set></li>#Newline		<li value="1"><set name="kount">2</set></li> #Newline		<li value="2"><set name="kount">3</set></li> #Newline		<li value="3"><set name="kount">4</set></li> #Newline		<li value="4"><set name="kount">5</set></li> #Newline		<li value="5"><set name="kount">6</set></li> #Newline		<li value="6"><set name="kount">7</set></li> #Newline		<li value="7"><set name="kount">8</set></li> #Newline		<li value="8"><set name="kount">9</set></li> #Newline		<li value="9"><set name="kount">10</set></li> #Newline		<li value="10"><set name="kount">11</set></li>#Newline		<li value="11"><set name="kount">12</set></li> #Newline		<li value="12"><set name="kount">13</set></li> #Newline		<li value="13"><set name="kount">14</set></li> #Newline		<li value="14"><set name="kount">15</set></li> #Newline		<li value="15"><set name="kount">16</set></li> #Newline		<li value="16"><set name="kount">17</set></li> #Newline		<li value="17"><set name="kount">18</set></li> #Newline		<li value="18"><set name="kount">19</set></li> #Newline		<li value="19"><set name="kount">20</set></li> #Newline		<li value="20"><set name="kount">21</set></li>#Newline		<li value="21"><set name="kount">22</set></li> #Newline		<li value="22"><set name="kount">23</set></li> #Newline		<li value="23"><set name="kount">24</set></li> #Newline		<li value="24"><set name="kount">25</set></li> #Newline		<li value="25"><set name="kount">26</set></li> #Newline		<li value="26"><set name="kount">27</set></li> #Newline		<li value="27"><set name="kount">28</set></li> #Newline		<li value="28"><set name="kount">29</set></li> #Newline		<li value="29"><set name="kount">30</set></li> #Newline		<li value="30"><set name="kount">31</set></li>#Newline		<li value="31"><set name="kount">32</set></li> #Newline		<li value="32"><set name="kount">33</set></li> #Newline		<li value="33"><set name="kount">34</set></li> #Newline		<li value="34"><set name="kount">35</set></li> #Newline		<li value="35"><set name="kount">36</set></li> #Newline		<li value="36"><set name="kount">37</set></li> #Newline		<li value="37"><set name="kount">38</set></li> #Newline		<li value="38"><set name="kount">39</set></li> #Newline		<li value="39"><set name="kount">40</set></li> #Newline		<li value="40"><set name="kount">41</set></li>#Newline		<li value="41"><set name="kount">42</set></li> #Newline		<li value="42"><set name="kount">43</set></li> #Newline		<li value="43"><set name="kount">44</set></li> #Newline		<li value="44"><set name="kount">45</set></li> #Newline		<li value="45"><set name="kount">46</set></li> #Newline		<li value="46"><set name="kount">47</set></li> #Newline		<li value="47"><set name="kount">48</set></li> #Newline		<li value="48"><set name="kount">49</set></li> #Newline		<li value="49"><set name="kount">50</set></li> #Newline		<li value="50"><set name="kount">51</set></li>#Newline		<li value="51"><set name="kount">52</set></li> #Newline		<li value="52"><set name="kount">53</set></li> #Newline		<li value="53"><set name="kount">54</set></li> #Newline		<li value="54"><set name="kount">55</set></li> #Newline		<li value="55"><set name="kount">56</set></li> #Newline		<li value="56"><set name="kount">57</set></li> #Newline		<li value="57"><set name="kount">58</set></li> #Newline		<li value="58"><set name="kount">59</set></li> #Newline		<li value="59"><set name="kount">60</set></li> #Newline		<li value="60"><set name="kount">61</set></li>#Newline		<li value="61"><set name="kount">62</set></li> #Newline		<li value="62"><set name="kount">63</set></li> #Newline		<li value="63"><set name="kount">64</set></li> #Newline		<li value="64"><set name="kount">65</set></li> #Newline		<li value="65"><set name="kount">66</set></li> #Newline		<li value="66"><set name="kount">67</set></li> #Newline		<li value="67"><set name="kount">68</set></li> #Newline		<li value="68"><set name="kount">69</set></li> #Newline		<li value="69"><set name="kount">70</set></li> #Newline		<li value="70"><set name="kount">71</set></li>#Newline		<li value="71"><set name="kount">72</set></li> #Newline		<li value="72"><set name="kount">73</set></li> #Newline		<li value="73"><set name="kount">74</set></li> #Newline		<li value="74"><set name="kount">75</set></li> #Newline		<li value="75"><set name="kount">76</set></li> #Newline		<li value="76"><set name="kount">77</set></li> #Newline		<li value="77"><set name="kount">78</set></li> #Newline		<li value="78"><set name="kount">79</set></li> #Newline		<li value="79"><set name="kount">80</set></li> #Newline		<li value="80"><set name="kount">81</set></li>#Newline		<li value="81"><set name="kount">82</set></li> #Newline		<li value="82"><set name="kount">83</set></li> #Newline		<li value="83"><set name="kount">84</set></li> #Newline		<li value="84"><set name="kount">85</set></li> #Newline		<li value="85"><set name="kount">86</set></li> #Newline		<li value="86"><set name="kount">87</set></li> #Newline		<li value="87"><set name="kount">88</set></li> #Newline		<li value="88"><set name="kount">89</set></li> #Newline		<li value="89"><set name="kount">90</set></li> #Newline		<li value="90"><set name="kount">91</set></li>#Newline		<li value="91"><set name="kount">92</set></li> #Newline		<li value="92"><set name="kount">93</set></li> #Newline		<li value="93"><set name="kount">94</set></li> #Newline		<li value="94"><set name="kount">95</set></li> #Newline		<li value="95"><set name="kount">96</set></li> #Newline		<li value="96"><set name="kount">97</set></li> #Newline		<li value="97"><set name="kount">98</set></li> #Newline		<li value="98"><set name="kount">99</set></li> #Newline		<li value="99"><set name="kount">100</set></li> #Newline		<li value="100"><set name="kount">101</set></li>#Newline		<li value="101"><set name="kount">102</set></li> #Newline		<li value="102"><set name="kount">103</set></li> #Newline		<li value="103"><set name="kount">104</set></li> #Newline		<li value="104"><set name="kount">105</set></li> #Newline		<li value="105"><set name="kount">106</set></li> #Newline		<li value="106"><set name="kount">107</set></li> #Newline		<li value="107"><set name="kount">108</set></li> #Newline		<li value="108"><set name="kount">109</set></li> #Newline		<li value="109"><set name="kount">110</set></li> #Newline		<li value="110"><set name="kount">111</set></li>#Newline		<li value="111"><set name="kount">112</set></li> #Newline		<li value="112"><set name="kount">113</set></li> #Newline		<li value="113"><set name="kount">114</set></li> #Newline		<li value="114"><set name="kount">115</set></li> #Newline		<li value="115"><set name="kount">116</set></li> #Newline		<li value="116"><set name="kount">117</set></li> #Newline		<li value="117"><set name="kount">118</set></li> #Newline		<li value="118"><set name="kount">119</set></li> #Newline		<li value="119"><set name="kount">120</set></li> #Newline		<li value="120"><set name="kount">121</set></li>#Newline		<li value="121"><set name="kount">122</set></li> #Newline		<li value="122"><set name="kount">123</set></li> #Newline		<li value="123"><set name="kount">124</set></li> #Newline		<li value="124"><set name="kount">125</set></li> #Newline		<li value="125"><set name="kount">126</set></li> #Newline		<li value="126"><set name="kount">127</set></li> #Newline		<li value="127"><set name="kount">128</set></li> #Newline		<li value="128"><set name="kount">129</set></li> #Newline		<li value="129"><set name="kount">130</set></li> #Newline		<li value="130"><set name="kount">131</set></li>#Newline		<li value="131"><set name="kount">132</set></li> #Newline		<li value="132"><set name="kount">133</set></li> #Newline		<li value="133"><set name="kount">134</set></li> #Newline		<li value="134"><set name="kount">135</set></li> #Newline		<li value="135"><set name="kount">136</set></li> #Newline		<li value="136"><set name="kount">137</set></li> #Newline		<li value="137"><set name="kount">138</set></li> #Newline		<li value="138"><set name="kount">139</set></li> #Newline		<li value="139"><set name="kount">140</set></li> #Newline		<li value="140"><set name="kount">141</set></li>#Newline		<li value="141"><set name="kount">142</set></li> #Newline		<li value="142"><set name="kount">143</set></li> #Newline		<li value="143"><set name="kount">144</set></li> #Newline		<li value="144"><set name="kount">145</set></li> #Newline		<li value="145"><set name="kount">146</set></li> #Newline		<li value="146"><set name="kount">147</set></li> #Newline		<li value="147"><set name="kount">148</set></li> #Newline		<li value="148"><set name="kount">149</set></li> #Newline		<li value="149"><set name="kount">150</set></li> #Newline		<li value="150"><set name="kount">151</set></li>#Newline		<li value="151"><set name="kount">152</set></li> #Newline		<li value="152"><set name="kount">153</set></li> #Newline		<li value="153"><set name="kount">154</set></li> #Newline		<li value="154"><set name="kount">155</set></li> #Newline		<li value="155"><set name="kount">156</set></li> #Newline		<li value="156"><set name="kount">157</set></li> #Newline		<li value="157"><set name="kount">158</set></li> #Newline		<li value="158"><set name="kount">159</set></li> #Newline		<li value="159"><set name="kount">160</set></li> #Newline		<li value="160"><set name="kount">161</set></li>#Newline		<li value="161"><set name="kount">162</set></li> #Newline		<li value="162"><set name="kount">163</set></li> #Newline		<li value="163"><set name="kount">164</set></li> #Newline		<li value="164"><set name="kount">165</set></li> #Newline		<li value="165"><set name="kount">166</set></li> #Newline		<li value="166"><set name="kount">167</set></li> #Newline		<li value="167"><set name="kount">168</set></li> #Newline		<li value="168"><set name="kount">169</set></li> #Newline		<li value="169"><set name="kount">170</set></li> #Newline		<li value="170"><set name="kount">171</set></li>#Newline		<li value="171"><set name="kount">172</set></li> #Newline		<li value="172"><set name="kount">173</set></li> #Newline		<li value="173"><set name="kount">174</set></li> #Newline		<li value="174"><set name="kount">175</set></li> #Newline		<li value="175"><set name="kount">176</set></li> #Newline		<li value="176"><set name="kount">177</set></li> #Newline		<li value="177"><set name="kount">178</set></li> #Newline		<li value="178"><set name="kount">179</set></li> #Newline		<li value="179"><set name="kount">180</set></li> #Newline		<li value="180"><set name="kount">181</set></li>#Newline		<li value="181"><set name="kount">182</set></li> #Newline		<li value="182"><set name="kount">183</set></li> #Newline		<li value="183"><set name="kount">184</set></li> #Newline		<li value="184"><set name="kount">185</set></li> #Newline		<li value="185"><set name="kount">186</set></li> #Newline		<li value="186"><set name="kount">187</set></li> #Newline		<li value="187"><set name="kount">188</set></li> #Newline		<li value="188"><set name="kount">189</set></li> #Newline		<li value="189"><set name="kount">190</set></li> #Newline		<li value="190"><set name="kount">191</set></li>#Newline		<li value="191"><set name="kount">192</set></li> #Newline		<li value="192"><set name="kount">193</set></li> #Newline		<li value="193"><set name="kount">194</set></li> #Newline		<li value="194"><set name="kount">195</set></li> #Newline		<li value="195"><set name="kount">196</set></li> #Newline		<li value="196"><set name="kount">197</set></li> #Newline		<li value="197"><set name="kount">198</set></li> #Newline		<li value="198"><set name="kount">199</set></li> #Newline		<li value="199"><set name="kount">200</set></li> #Newline		<li value="200"><set name="kount">201</set></li>#Newline		<li value="201"><set name="kount">202</set></li> #Newline		<li value="202"><set name="kount">203</set></li> #Newline		<li value="203"><set name="kount">204</set></li> #Newline		<li value="204"><set name="kount">205</set></li> #Newline		<li value="205"><set name="kount">206</set></li> #Newline		<li value="206"><set name="kount">207</set></li> #Newline		<li value="207"><set name="kount">208</set></li> #Newline		<li value="208"><set name="kount">209</set></li> #Newline		<li value="209"><set name="kount">210</set></li> #Newline		<li value="210"><set name="kount">211</set></li>#Newline		<li value="211"><set name="kount">212</set></li> #Newline		<li value="212"><set name="kount">213</set></li> #Newline		<li value="213"><set name="kount">214</set></li> #Newline		<li value="214"><set name="kount">215</set></li> #Newline		<li value="215"><set name="kount">216</set></li> #Newline		<li value="216"><set name="kount">217</set></li> #Newline		<li value="217"><set name="kount">218</set></li> #Newline		<li value="218"><set name="kount">219</set></li> #Newline		<li value="219"><set name="kount">220</set></li> #Newline		<li value="220"><set name="kount">221</set></li>#Newline		<li value="221"><set name="kount">222</set></li> #Newline		<li value="222"><set name="kount">223</set></li> #Newline		<li value="223"><set name="kount">224</set></li> #Newline		<li value="224"><set name="kount">225</set></li> #Newline		<li value="225"><set name="kount">226</set></li> #Newline		<li value="226"><set name="kount">227</set></li> #Newline		<li value="227"><set name="kount">228</set></li> #Newline		<li value="228"><set name="kount">229</set></li> #Newline		<li value="229"><set name="kount">230</set></li> #Newline		<li value="230"><set name="kount">231</set></li>#Newline		<li value="231"><set name="kount">232</set></li> #Newline		<li value="232"><set name="kount">233</set></li> #Newline		<li value="233"><set name="kount">234</set></li> #Newline		<li value="234"><set name="kount">235</set></li> #Newline		<li value="235"><set name="kount">236</set></li> #Newline		<li value="236"><set name="kount">237</set></li> #Newline		<li value="237"><set name="kount">238</set></li> #Newline		<li value="238"><set name="kount">239</set></li> #Newline		<li value="239"><set name="kount">240</set></li> #Newline		<li value="240"><set name="kount">241</set></li>#Newline		<li value="241"><set name="kount">242</set></li> #Newline		<li value="242"><set name="kount">243</set></li> #Newline		<li value="243"><set name="kount">244</set></li> #Newline		<li value="244"><set name="kount">245</set></li> #Newline		<li value="245"><set name="kount">246</set></li> #Newline		<li value="246"><set name="kount">247</set></li> #Newline		<li value="247"><set name="kount">248</set></li> #Newline		<li value="248"><set name="kount">249</set></li> #Newline		<li value="249"><set name="kount">250</set></li> #Newline		<li value="250"><set name="kount">251</set></li>#Newline		<li value="251"><set name="kount">252</set></li> #Newline		<li value="252"><set name="kount">253</set></li> #Newline		<li value="253"><set name="kount">254</set></li> #Newline		<li value="254"><set name="kount">255</set></li> #Newline		<li value="255"><set name="kount">256</set></li> #Newline		<li value="256"><set name="kount">257</set></li> #Newline		<li value="257"><set name="kount">258</set></li> #Newline		<li value="258"><set name="kount">259</set></li> #Newline		<li value="259"><set name="kount">260</set></li> #Newline		<li value="260"><set name="kount">261</set></li>#Newline		<li value="261"><set name="kount">262</set></li> #Newline		<li value="262"><set name="kount">263</set></li> #Newline		<li value="263"><set name="kount">264</set></li> #Newline		<li value="264"><set name="kount">265</set></li> #Newline		<li value="265"><set name="kount">266</set></li> #Newline		<li value="266"><set name="kount">267</set></li> #Newline		<li value="267"><set name="kount">268</set></li> #Newline		<li value="268"><set name="kount">269</set></li> #Newline		<li value="269"><set name="kount">270</set></li> #Newline		<li value="270"><set name="kount">271</set></li>#Newline		<li value="271"><set name="kount">272</set></li> #Newline		<li value="272"><set name="kount">273</set></li> #Newline		<li value="273"><set name="kount">274</set></li> #Newline		<li value="274"><set name="kount">275</set></li> #Newline		<li value="275"><set name="kount">276</set></li> #Newline		<li value="276"><set name="kount">277</set></li> #Newline		<li value="277"><set name="kount">278</set></li> #Newline		<li value="278"><set name="kount">279</set></li> #Newline		<li value="279"><set name="kount">280</set></li> #Newline		<li value="280"><set name="kount">281</set></li>#Newline		<li value="281"><set name="kount">282</set></li> #Newline		<li value="282"><set name="kount">283</set></li> #Newline		<li value="283"><set name="kount">284</set></li> #Newline		<li value="284"><set name="kount">285</set></li> #Newline		<li value="285"><set name="kount">286</set></li> #Newline		<li value="286"><set name="kount">287</set></li> #Newline		<li value="287"><set name="kount">288</set></li> #Newline		<li value="288"><set name="kount">289</set></li> #Newline		<li value="289"><set name="kount">290</set></li> #Newline		<li value="290"><set name="kount">291</set></li>#Newline		<li value="291"><set name="kount">292</set></li> #Newline		<li value="292"><set name="kount">293</set></li> #Newline		<li value="293"><set name="kount">294</set></li> #Newline		<li value="294"><set name="kount">295</set></li> #Newline		<li value="295"><set name="kount">296</set></li> #Newline		<li value="296"><set name="kount">297</set></li> #Newline		<li value="297"><set name="kount">298</set></li> #Newline		<li value="298"><set name="kount">299</set></li> #Newline		<li value="299"><set name="kount">300</set></li> #Newline		<li value="300"><set name="kount">301</set></li>#Newline		<li value="301"><set name="kount">302</set></li> #Newline		<li value="302"><set name="kount">303</set></li> #Newline		<li value="303"><set name="kount">304</set></li> #Newline		<li value="304"><set name="kount">305</set></li> #Newline		<li value="305"><set name="kount">306</set></li> #Newline		<li value="306"><set name="kount">307</set></li> #Newline		<li value="307"><set name="kount">308</set></li> #Newline		<li value="308"><set name="kount">309</set></li> #Newline		<li value="309"><set name="kount">310</set></li> #Newline		<li value="310"><set name="kount">311</set></li>#Newline		<li value="311"><set name="kount">312</set></li> #Newline		<li value="312"><set name="kount">313</set></li> #Newline		<li value="313"><set name="kount">314</set></li> #Newline		<li value="314"><set name="kount">315</set></li> #Newline		<li value="315"><set name="kount">316</set></li> #Newline		<li value="316"><set name="kount">317</set></li> #Newline		<li value="317"><set name="kount">318</set></li> #Newline		<li value="318"><set name="kount">319</set></li> #Newline		<li value="319"><set name="kount">320</set></li> #Newline		<li value="320"><set name="kount">321</set></li>#Newline		<li value="321"><set name="kount">322</set></li> #Newline		<li value="322"><set name="kount">323</set></li> #Newline		<li value="323"><set name="kount">324</set></li> #Newline		<li value="324"><set name="kount">325</set></li> #Newline		<li value="325"><set name="kount">326</set></li> #Newline		<li value="326"><set name="kount">327</set></li> #Newline		<li value="327"><set name="kount">328</set></li> #Newline		<li value="328"><set name="kount">329</set></li> #Newline		<li value="329"><set name="kount">330</set></li> #Newline		<li value="330"><set name="kount">331</set></li>#Newline		<li value="331"><set name="kount">332</set></li> #Newline		<li value="332"><set name="kount">333</set></li> #Newline		<li value="333"><set name="kount">334</set></li> #Newline		<li value="334"><set name="kount">335</set></li> #Newline		<li value="335"><set name="kount">336</set></li> #Newline		<li value="336"><set name="kount">337</set></li> #Newline		<li value="337"><set name="kount">338</set></li> #Newline		<li value="338"><set name="kount">339</set></li> #Newline		<li value="339"><set name="kount">340</set></li> #Newline		<li value="340"><set name="kount">341</set></li>#Newline		<li value="341"><set name="kount">342</set></li> #Newline		<li value="342"><set name="kount">343</set></li> #Newline		<li value="343"><set name="kount">344</set></li> #Newline		<li value="344"><set name="kount">345</set></li> #Newline		<li value="345"><set name="kount">346</set></li> #Newline		<li value="346"><set name="kount">347</set></li> #Newline		<li value="347"><set name="kount">348</set></li> #Newline		<li value="348"><set name="kount">349</set></li> #Newline		<li value="349"><set name="kount">350</set></li> #Newline		<li value="350"><set name="kount">351</set></li>#Newline		<li value="351"><set name="kount">352</set></li> #Newline		<li value="352"><set name="kount">353</set></li> #Newline		<li value="353"><set name="kount">354</set></li> #Newline		<li value="354"><set name="kount">355</set></li> #Newline		<li value="355"><set name="kount">356</set></li> #Newline		<li value="356"><set name="kount">357</set></li> #Newline		<li value="357"><set name="kount">358</set></li> #Newline		<li value="358"><set name="kount">359</set></li> #Newline		<li value="359"><set name="kount">360</set></li> #Newline		<li value="360"><set name="kount">361</set></li>#Newline		<li value="361"><set name="kount">362</set></li> #Newline		<li value="362"><set name="kount">363</set></li> #Newline		<li value="363"><set name="kount">364</set></li> #Newline		<li value="364"><set name="kount">365</set></li> #Newline		<li value="365"><set name="kount">366</set></li> #Newline		<li value="366"><set name="kount">367</set></li> #Newline		<li value="367"><set name="kount">368</set></li> #Newline		<li value="368"><set name="kount">369</set></li> #Newline		<li value="369"><set name="kount">370</set></li> #Newline		<li value="370"><set name="kount">371</set></li>#Newline		<li value="371"><set name="kount">372</set></li> #Newline		<li value="372"><set name="kount">373</set></li> #Newline		<li value="373"><set name="kount">374</set></li> #Newline		<li value="374"><set name="kount">375</set></li> #Newline		<li value="375"><set name="kount">376</set></li> #Newline		<li value="376"><set name="kount">377</set></li> #Newline		<li value="377"><set name="kount">378</set></li> #Newline		<li value="378"><set name="kount">379</set></li> #Newline		<li value="379"><set name="kount">380</set></li> #Newline		<li value="380"><set name="kount">381</set></li>#Newline		<li value="381"><set name="kount">382</set></li> #Newline		<li value="382"><set name="kount">383</set></li> #Newline		<li value="383"><set name="kount">384</set></li> #Newline		<li value="384"><set name="kount">385</set></li> #Newline		<li value="385"><set name="kount">386</set></li> #Newline		<li value="386"><set name="kount">387</set></li> #Newline		<li value="387"><set name="kount">388</set></li> #Newline		<li value="388"><set name="kount">389</set></li> #Newline		<li value="389"><set name="kount">390</set></li> #Newline		<li value="390"><set name="kount">391</set></li>#Newline		<li value="391"><set name="kount">392</set></li> #Newline		<li value="392"><set name="kount">393</set></li> #Newline		<li value="393"><set name="kount">394</set></li> #Newline		<li value="394"><set name="kount">395</set></li> #Newline		<li value="395"><set name="kount">396</set></li> #Newline		<li value="396"><set name="kount">397</set></li> #Newline		<li value="397"><set name="kount">398</set></li> #Newline		<li value="398"><set name="kount">399</set></li> #Newline		<li value="399"><set name="kount">400</set></li> #Newline		<li value="400"><set name="kount">401</set></li>#Newline		<li value="401"><set name="kount">402</set></li> #Newline		<li value="402"><set name="kount">403</set></li> #Newline		<li value="403"><set name="kount">404</set></li> #Newline		<li value="404"><set name="kount">405</set></li> #Newline		<li value="405"><set name="kount">406</set></li> #Newline		<li value="406"><set name="kount">407</set></li> #Newline		<li value="407"><set name="kount">408</set></li> #Newline		<li value="408"><set name="kount">409</set></li> #Newline		<li value="409"><set name="kount">410</set></li> #Newline		<li value="410"><set name="kount">411</set></li>#Newline		<li value="411"><set name="kount">412</set></li> #Newline		<li value="412"><set name="kount">413</set></li> #Newline		<li value="413"><set name="kount">414</set></li> #Newline		<li value="414"><set name="kount">415</set></li> #Newline		<li value="415"><set name="kount">416</set></li> #Newline		<li value="416"><set name="kount">417</set></li> #Newline		<li value="417"><set name="kount">418</set></li> #Newline		<li value="418"><set name="kount">419</set></li> #Newline		<li value="419"><set name="kount">420</set></li> #Newline		<li value="420"><set name="kount">421</set></li>#Newline		<li value="421"><set name="kount">422</set></li> #Newline		<li value="422"><set name="kount">423</set></li> #Newline		<li value="423"><set name="kount">424</set></li> #Newline		<li value="424"><set name="kount">425</set></li> #Newline		<li value="425"><set name="kount">426</set></li> #Newline		<li value="426"><set name="kount">427</set></li> #Newline		<li value="427"><set name="kount">428</set></li> #Newline		<li value="428"><set name="kount">429</set></li> #Newline		<li value="429"><set name="kount">430</set></li> #Newline		<li value="430"><set name="kount">431</set></li>#Newline		<li value="431"><set name="kount">432</set></li> #Newline		<li value="432"><set name="kount">433</set></li> #Newline		<li value="433"><set name="kount">434</set></li> #Newline		<li value="434"><set name="kount">435</set></li> #Newline		<li value="435"><set name="kount">436</set></li> #Newline		<li value="436"><set name="kount">437</set></li> #Newline		<li value="437"><set name="kount">438</set></li> #Newline		<li value="438"><set name="kount">439</set></li> #Newline		<li value="439"><set name="kount">440</set></li> #Newline		<li value="440"><set name="kount">441</set></li>#Newline		<li value="441"><set name="kount">442</set></li> #Newline		<li value="442"><set name="kount">443</set></li> #Newline		<li value="443"><set name="kount">444</set></li> #Newline		<li value="444"><set name="kount">445</set></li> #Newline		<li value="445"><set name="kount">446</set></li> #Newline		<li value="446"><set name="kount">447</set></li> #Newline		<li value="447"><set name="kount">448</set></li> #Newline		<li value="448"><set name="kount">449</set></li> #Newline		<li value="449"><set name="kount">450</set></li> #Newline	</condition>#Newline</think>,highroller.aiml
