0,LUCKYSLOTS,*,*,<think>#Newline	<set name="coins">50</set>#Newline</think>#NewlineWelcome to my slot machine.<br/>You start with<get name="coins"/>coins and each spin of the machine costs you 1 coin.<br/>The game is over when you have either lost all your money or made 250 coins.<br/>Good luck!<br/><br/>Type START to load the machine.,luckyslots.aiml
0,START,TYPE START TO LOAD THE MACHINE,*,Reels: -&gt; ? ? ? &lt;-<br/><br/>#Newline	A A A pays 100<br/>#Newline	K K K pays 50<br/>#Newline	Q Q Q pays 25<br/>#Newline	J J J pays 15<br/>#Newline	7 7 7 pays 7<br/>#Newline	A A - pays 2<br/><br/>#Newline	You have<get name="coins"/>coins in the bank.<br/><br/>#Newline	<set name="slotsmessage">Type S to spin the reels</set>,luckyslots.aiml
0,S,TYPE S TO SPIN THE REELS,*,<srai>XSUB1</srai>#Newline	<srai>XSPIN1</srai>#Newline	<srai>XSPIN2</srai>#Newline	<srai>XSPIN3</srai>#Newline	<srai>XSLOTSLOOP</srai>,luckyslots.aiml
0,XSLOTSLOOP,*,*,Reels: -&gt;<set name="reels"><get name="reel1"/><get name="reel2"/><get name="reel3"/></set> &lt;-<br/>#Newline	<srai>XSLOTHOLD</srai><br/>#Newline	A A A pays 100<br/>#Newline	K K K pays 50<br/>#Newline	Q Q Q pays 25<br/>#Newline	J J J pays 15<br/>#Newline	7 7 7 pays 7<br/>#Newline	A A - pays 2<br/><br/>#Newline	<srai>XCHECKWIN</srai><br/>		#Newline			<think>#Newline			<set name="bank">You have<get name="coins"/>coins in the bank.</set>#Newline				<condition name="coins"> #Newline					<li value="1"><set name="bank">You have 1 coin in the bank.</set></li>#Newline				</condition>#Newline			</think>		#Newline		<get name="bank"/><br/><br/>#Newline	<srai>XCHECKGAMEOVER</srai><get name="slotsmessage"/>,luckyslots.aiml
0,XSLOTHOLD,*,*,<random>#Newline		<li><think><set name="slotsmessage">Type S to spin the reels</set></think></li>#Newline		<li><think><set name="slotsmessage">Type S to spin the reels</set></think></li>#Newline		<li>HOLD: -&gt; 1 2 3 &lt;-<think><set name="slotsmessage">HOLD AVAILABLE - Enter the reels you wish to hold. E.g. 12 will hold reels 1 and 2 and spin reel 3.<br/>Type S to spin all three.</set>#Newline		</think></li>#Newline	</random>,luckyslots.aiml
0,S,TYPE S TO SPIN ALL THREE,*,<srai>XSUB1</srai>#Newline	<srai>XSPIN1</srai>#Newline	<srai>XSPIN2</srai>#Newline	<srai>XSPIN3</srai>#Newline	<srai>XSLOTSLOOP</srai>,luckyslots.aiml
0,1,TYPE S TO SPIN ALL THREE,*,<srai>XSUB1</srai>#Newline	<srai>XSPIN2</srai>#Newline	<srai>XSPIN3</srai>#Newline	<srai>XSLOTSLOOP</srai>,luckyslots.aiml
0,2,TYPE S TO SPIN ALL THREE,*,<srai>XSUB1</srai>#Newline	<srai>XSPIN1</srai>#Newline	<srai>XSPIN3</srai>#Newline	<srai>XSLOTSLOOP</srai>,luckyslots.aiml
0,3,TYPE S TO SPIN ALL THREE,*,<srai>XSUB1</srai>#Newline	<srai>XSPIN1</srai>#Newline	<srai>XSPIN2</srai>#Newline	<srai>XSLOTSLOOP</srai>,luckyslots.aiml
0,12,TYPE S TO SPIN ALL THREE,*,<srai>XSUB1</srai>#Newline	<srai>XSPIN3</srai>#Newline	<srai>XSLOTSLOOP</srai>,luckyslots.aiml
0,13,TYPE S TO SPIN ALL THREE,*,<srai>XSUB1</srai>#Newline	<srai>XSPIN2</srai>#Newline	<srai>XSLOTSLOOP</srai>,luckyslots.aiml
0,23,TYPE S TO SPIN ALL THREE,*,<srai>XSUB1</srai>#Newline	<srai>XSPIN1</srai>#Newline	<srai>XSLOTSLOOP</srai>,luckyslots.aiml
0,123,TYPE S TO SPIN ALL THREE,*,<srai>XSUB1</srai>#Newline	<srai>XSLOTSLOOP</srai>,luckyslots.aiml
0,21,TYPE S TO SPIN ALL THREE,*,<srai>12</srai>,luckyslots.aiml
0,31,TYPE S TO SPIN ALL THREE,*,<srai>13</srai>,luckyslots.aiml
0,32,TYPE S TO SPIN ALL THREE,*,<srai>23</srai>,luckyslots.aiml
0,132,TYPE S TO SPIN ALL THREE,*,<srai>123</srai>,luckyslots.aiml
0,213,TYPE S TO SPIN ALL THREE,*,<srai>123</srai>,luckyslots.aiml
0,231,TYPE S TO SPIN ALL THREE,*,<srai>123</srai>,luckyslots.aiml
0,312,TYPE S TO SPIN ALL THREE,*,<srai>123</srai>,luckyslots.aiml
0,321,TYPE S TO SPIN ALL THREE,*,<srai>123</srai>,luckyslots.aiml
0,XSPIN1,*,*,<think>#Newline	<random>#Newline		<li><set name="reel1">A</set></li>#Newline		<li><set name="reel1">7</set></li>#Newline		<li><set name="reel1">K</set></li>#Newline		<li><set name="reel1">7</set></li>#Newline		<li><set name="reel1">Q</set></li>#Newline		<li><set name="reel1">7</set></li>#Newline		<li><set name="reel1">J</set></li>#Newline		<li><set name="reel1">K</set></li>#Newline		<li><set name="reel1">Q</set></li>#Newline		<li><set name="reel1">J</set></li>#Newline	</random>#Newline</think>,luckyslots.aiml
0,XSPIN2,*,*,<think>#Newline	<random>#Newline		<li><set name="reel2">K</set></li>#Newline		<li><set name="reel2">Q</set></li>#Newline		<li><set name="reel2">J</set></li>#Newline		<li><set name="reel2">Q</set></li>#Newline		<li><set name="reel2">A</set></li>#Newline		<li><set name="reel2">7</set></li>#Newline	</random>#Newline</think>,luckyslots.aiml
0,XSPIN3,*,*,<think>#Newline	<random>#Newline		<li><set name="reel3">K</set></li>#Newline		<li><set name="reel3">7</set></li>#Newline		<li><set name="reel3">J</set></li>#Newline		<li><set name="reel3">7</set></li>#Newline		<li><set name="reel3">A</set></li>#Newline		<li><set name="reel3">7</set></li>#Newline		<li><set name="reel3">J</set></li>#Newline		<li><set name="reel3">Q</set></li>#Newline		<li><set name="reel3">J</set></li>#Newline	</random>#Newline</think>,luckyslots.aiml
0,XCHECKWIN,*,*,<think>#Newline<set name="payout">0</set>#Newline	<condition name="reels">#Newline		<li value="A A A"><set name="payout">100</set></li>#Newline		<li value="K K K"><set name="payout">50</set></li>#Newline		<li value="Q Q Q"><set name="payout">25</set></li>#Newline		<li value="J J J"><set name="payout">15</set></li>#Newline		<li value="7 7 7"><set name="payout">7</set></li>#Newline		<li value="A A K"><set name="payout">2</set></li>#Newline		<li value="A A Q"><set name="payout">2</set></li>#Newline		<li value="A A J"><set name="payout">2</set></li>#Newline		<li value="A A 7"><set name="payout">2</set></li>#Newline	</condition>#Newline</think> #Newline<srai>XADDWIN</srai>,luckyslots.aiml
0,XADDWIN,*,*,<think>#Newline	<condition name="payout">#Newline		<li value="100"><srai>XADD25</srai><srai>XADD25</srai><srai>XADD25</srai><srai>XADD25</srai></li>#Newline		<li value="50"><srai>XADD25</srai><srai>XADD25</srai></li>#Newline		<li value="25"><srai>XADD25</srai></li>#Newline		<li value="15"><srai>XADD5</srai><srai>XADD5</srai><srai>XADD5</srai></li>#Newline		<li value="7"><srai>XADD5</srai><srai>XADD1</srai><srai>XADD1</srai></li>#Newline		<li value="2"><srai>XADD1</srai><srai>XADD1</srai></li>#Newline	</condition>#Newline</think>#Newline	<condition name="payout">#Newline		<li value="100">J A C K P O T ! ! ! 100 coins!!!</li>#Newline		<li value="50">3 Kings! You win 50 coins.</li>#Newline		<li value="25">3 Queens! You win 25 coins.</li>#Newline		<li value="15">3 Jacks! You win 15 coins.</li>#Newline		<li value="7">3 Sevens! You win 7 coins.</li>#Newline		<li value="2">2 Aces! You win 2 coins.</li>#Newline		<li value="0">No win.</li>#Newline	</condition>,luckyslots.aiml
0,XCHECKGAMEOVER,*,*,<think>#Newline	<condition name="coins"> #Newline		<li value="0"><set name="slotsmessage">B A N K R U P T ! ! !<br/>GAME OVER</set></li>#Newline		<li value="250"><set name="slotsmessage">CONGRATULATIONS! YOU HAVE BROKEN THE BANK!!!!<br/>GAME OVER</set></li> #Newline	</condition>#Newline</think>,luckyslots.aiml
0,XADD5,*,*,<srai>XADD1</srai>#Newline	<srai>XADD1</srai>#Newline	<srai>XADD1</srai>#Newline	<srai>XADD1</srai>#Newline	<srai>XADD1</srai>,luckyslots.aiml
0,XADD25,*,*,<srai>XADD5</srai>#Newline	<srai>XADD5</srai>#Newline	<srai>XADD5</srai>#Newline	<srai>XADD5</srai>#Newline	<srai>XADD5</srai>,luckyslots.aiml
0,XADD1,*,*,<think>#Newline	<condition name="coins"> #Newline		<li value="0"><set name="coins">1</set></li>#Newline		<li value="1"><set name="coins">2</set></li> #Newline		<li value="2"><set name="coins">3</set></li> #Newline		<li value="3"><set name="coins">4</set></li> #Newline		<li value="4"><set name="coins">5</set></li> #Newline		<li value="5"><set name="coins">6</set></li> #Newline		<li value="6"><set name="coins">7</set></li> #Newline		<li value="7"><set name="coins">8</set></li> #Newline		<li value="8"><set name="coins">9</set></li> #Newline		<li value="9"><set name="coins">10</set></li> #Newline		<li value="10"><set name="coins">11</set></li>#Newline		<li value="11"><set name="coins">12</set></li> #Newline		<li value="12"><set name="coins">13</set></li> #Newline		<li value="13"><set name="coins">14</set></li> #Newline		<li value="14"><set name="coins">15</set></li> #Newline		<li value="15"><set name="coins">16</set></li> #Newline		<li value="16"><set name="coins">17</set></li> #Newline		<li value="17"><set name="coins">18</set></li> #Newline		<li value="18"><set name="coins">19</set></li> #Newline		<li value="19"><set name="coins">20</set></li> #Newline		<li value="20"><set name="coins">21</set></li>#Newline		<li value="21"><set name="coins">22</set></li> #Newline		<li value="22"><set name="coins">23</set></li> #Newline		<li value="23"><set name="coins">24</set></li> #Newline		<li value="24"><set name="coins">25</set></li> #Newline		<li value="25"><set name="coins">26</set></li> #Newline		<li value="26"><set name="coins">27</set></li> #Newline		<li value="27"><set name="coins">28</set></li> #Newline		<li value="28"><set name="coins">29</set></li> #Newline		<li value="29"><set name="coins">30</set></li> #Newline		<li value="30"><set name="coins">31</set></li>#Newline		<li value="31"><set name="coins">32</set></li> #Newline		<li value="32"><set name="coins">33</set></li> #Newline		<li value="33"><set name="coins">34</set></li> #Newline		<li value="34"><set name="coins">35</set></li> #Newline		<li value="35"><set name="coins">36</set></li> #Newline		<li value="36"><set name="coins">37</set></li> #Newline		<li value="37"><set name="coins">38</set></li> #Newline		<li value="38"><set name="coins">39</set></li> #Newline		<li value="39"><set name="coins">40</set></li> #Newline		<li value="40"><set name="coins">41</set></li>#Newline		<li value="41"><set name="coins">42</set></li> #Newline		<li value="42"><set name="coins">43</set></li> #Newline		<li value="43"><set name="coins">44</set></li> #Newline		<li value="44"><set name="coins">45</set></li> #Newline		<li value="45"><set name="coins">46</set></li> #Newline		<li value="46"><set name="coins">47</set></li> #Newline		<li value="47"><set name="coins">48</set></li> #Newline		<li value="48"><set name="coins">49</set></li> #Newline		<li value="49"><set name="coins">50</set></li> #Newline		<li value="50"><set name="coins">51</set></li>#Newline		<li value="51"><set name="coins">52</set></li> #Newline		<li value="52"><set name="coins">53</set></li> #Newline		<li value="53"><set name="coins">54</set></li> #Newline		<li value="54"><set name="coins">55</set></li> #Newline		<li value="55"><set name="coins">56</set></li> #Newline		<li value="56"><set name="coins">57</set></li> #Newline		<li value="57"><set name="coins">58</set></li> #Newline		<li value="58"><set name="coins">59</set></li> #Newline		<li value="59"><set name="coins">60</set></li> #Newline		<li value="60"><set name="coins">61</set></li>#Newline		<li value="61"><set name="coins">62</set></li> #Newline		<li value="62"><set name="coins">63</set></li> #Newline		<li value="63"><set name="coins">64</set></li> #Newline		<li value="64"><set name="coins">65</set></li> #Newline		<li value="65"><set name="coins">66</set></li> #Newline		<li value="66"><set name="coins">67</set></li> #Newline		<li value="67"><set name="coins">68</set></li> #Newline		<li value="68"><set name="coins">69</set></li> #Newline		<li value="69"><set name="coins">70</set></li> #Newline		<li value="70"><set name="coins">71</set></li>#Newline		<li value="71"><set name="coins">72</set></li> #Newline		<li value="72"><set name="coins">73</set></li> #Newline		<li value="73"><set name="coins">74</set></li> #Newline		<li value="74"><set name="coins">75</set></li> #Newline		<li value="75"><set name="coins">76</set></li> #Newline		<li value="76"><set name="coins">77</set></li> #Newline		<li value="77"><set name="coins">78</set></li> #Newline		<li value="78"><set name="coins">79</set></li> #Newline		<li value="79"><set name="coins">80</set></li> #Newline		<li value="80"><set name="coins">81</set></li>#Newline		<li value="81"><set name="coins">82</set></li> #Newline		<li value="82"><set name="coins">83</set></li> #Newline		<li value="83"><set name="coins">84</set></li> #Newline		<li value="84"><set name="coins">85</set></li> #Newline		<li value="85"><set name="coins">86</set></li> #Newline		<li value="86"><set name="coins">87</set></li> #Newline		<li value="87"><set name="coins">88</set></li> #Newline		<li value="88"><set name="coins">89</set></li> #Newline		<li value="89"><set name="coins">90</set></li> #Newline		<li value="90"><set name="coins">91</set></li>#Newline		<li value="91"><set name="coins">92</set></li> #Newline		<li value="92"><set name="coins">93</set></li> #Newline		<li value="93"><set name="coins">94</set></li> #Newline		<li value="94"><set name="coins">95</set></li> #Newline		<li value="95"><set name="coins">96</set></li> #Newline		<li value="96"><set name="coins">97</set></li> #Newline		<li value="97"><set name="coins">98</set></li> #Newline		<li value="98"><set name="coins">99</set></li> #Newline		<li value="99"><set name="coins">100</set></li> #Newline		<li value="100"><set name="coins">101</set></li>#Newline		<li value="101"><set name="coins">102</set></li> #Newline		<li value="102"><set name="coins">103</set></li> #Newline		<li value="103"><set name="coins">104</set></li> #Newline		<li value="104"><set name="coins">105</set></li> #Newline		<li value="105"><set name="coins">106</set></li> #Newline		<li value="106"><set name="coins">107</set></li> #Newline		<li value="107"><set name="coins">108</set></li> #Newline		<li value="108"><set name="coins">109</set></li> #Newline		<li value="109"><set name="coins">110</set></li> #Newline		<li value="110"><set name="coins">111</set></li>#Newline		<li value="111"><set name="coins">112</set></li> #Newline		<li value="112"><set name="coins">113</set></li> #Newline		<li value="113"><set name="coins">114</set></li> #Newline		<li value="114"><set name="coins">115</set></li> #Newline		<li value="115"><set name="coins">116</set></li> #Newline		<li value="116"><set name="coins">117</set></li> #Newline		<li value="117"><set name="coins">118</set></li> #Newline		<li value="118"><set name="coins">119</set></li> #Newline		<li value="119"><set name="coins">120</set></li> #Newline		<li value="120"><set name="coins">121</set></li>#Newline		<li value="121"><set name="coins">122</set></li> #Newline		<li value="122"><set name="coins">123</set></li> #Newline		<li value="123"><set name="coins">124</set></li> #Newline		<li value="124"><set name="coins">125</set></li> #Newline		<li value="125"><set name="coins">126</set></li> #Newline		<li value="126"><set name="coins">127</set></li> #Newline		<li value="127"><set name="coins">128</set></li> #Newline		<li value="128"><set name="coins">129</set></li> #Newline		<li value="129"><set name="coins">130</set></li> #Newline		<li value="130"><set name="coins">131</set></li>#Newline		<li value="131"><set name="coins">132</set></li> #Newline		<li value="132"><set name="coins">133</set></li> #Newline		<li value="133"><set name="coins">134</set></li> #Newline		<li value="134"><set name="coins">135</set></li> #Newline		<li value="135"><set name="coins">136</set></li> #Newline		<li value="136"><set name="coins">137</set></li> #Newline		<li value="137"><set name="coins">138</set></li> #Newline		<li value="138"><set name="coins">139</set></li> #Newline		<li value="139"><set name="coins">140</set></li> #Newline		<li value="140"><set name="coins">141</set></li>#Newline		<li value="141"><set name="coins">142</set></li> #Newline		<li value="142"><set name="coins">143</set></li> #Newline		<li value="143"><set name="coins">144</set></li> #Newline		<li value="144"><set name="coins">145</set></li> #Newline		<li value="145"><set name="coins">146</set></li> #Newline		<li value="146"><set name="coins">147</set></li> #Newline		<li value="147"><set name="coins">148</set></li> #Newline		<li value="148"><set name="coins">149</set></li> #Newline		<li value="149"><set name="coins">150</set></li> #Newline		<li value="150"><set name="coins">151</set></li>#Newline		<li value="151"><set name="coins">152</set></li> #Newline		<li value="152"><set name="coins">153</set></li> #Newline		<li value="153"><set name="coins">154</set></li> #Newline		<li value="154"><set name="coins">155</set></li> #Newline		<li value="155"><set name="coins">156</set></li> #Newline		<li value="156"><set name="coins">157</set></li> #Newline		<li value="157"><set name="coins">158</set></li> #Newline		<li value="158"><set name="coins">159</set></li> #Newline		<li value="159"><set name="coins">160</set></li> #Newline		<li value="160"><set name="coins">161</set></li>#Newline		<li value="161"><set name="coins">162</set></li> #Newline		<li value="162"><set name="coins">163</set></li> #Newline		<li value="163"><set name="coins">164</set></li> #Newline		<li value="164"><set name="coins">165</set></li> #Newline		<li value="165"><set name="coins">166</set></li> #Newline		<li value="166"><set name="coins">167</set></li> #Newline		<li value="167"><set name="coins">168</set></li> #Newline		<li value="168"><set name="coins">169</set></li> #Newline		<li value="169"><set name="coins">170</set></li> #Newline		<li value="170"><set name="coins">171</set></li>#Newline		<li value="171"><set name="coins">172</set></li> #Newline		<li value="172"><set name="coins">173</set></li> #Newline		<li value="173"><set name="coins">174</set></li> #Newline		<li value="174"><set name="coins">175</set></li> #Newline		<li value="175"><set name="coins">176</set></li> #Newline		<li value="176"><set name="coins">177</set></li> #Newline		<li value="177"><set name="coins">178</set></li> #Newline		<li value="178"><set name="coins">179</set></li> #Newline		<li value="179"><set name="coins">180</set></li> #Newline		<li value="180"><set name="coins">181</set></li>#Newline		<li value="181"><set name="coins">182</set></li> #Newline		<li value="182"><set name="coins">183</set></li> #Newline		<li value="183"><set name="coins">184</set></li> #Newline		<li value="184"><set name="coins">185</set></li> #Newline		<li value="185"><set name="coins">186</set></li> #Newline		<li value="186"><set name="coins">187</set></li> #Newline		<li value="187"><set name="coins">188</set></li> #Newline		<li value="188"><set name="coins">189</set></li> #Newline		<li value="189"><set name="coins">190</set></li> #Newline		<li value="190"><set name="coins">191</set></li>#Newline		<li value="191"><set name="coins">192</set></li> #Newline		<li value="192"><set name="coins">193</set></li> #Newline		<li value="193"><set name="coins">194</set></li> #Newline		<li value="194"><set name="coins">195</set></li> #Newline		<li value="195"><set name="coins">196</set></li> #Newline		<li value="196"><set name="coins">197</set></li> #Newline		<li value="197"><set name="coins">198</set></li> #Newline		<li value="198"><set name="coins">199</set></li> #Newline		<li value="199"><set name="coins">200</set></li> #Newline		<li value="200"><set name="coins">201</set></li>#Newline		<li value="201"><set name="coins">202</set></li> #Newline		<li value="202"><set name="coins">203</set></li> #Newline		<li value="203"><set name="coins">204</set></li> #Newline		<li value="204"><set name="coins">205</set></li> #Newline		<li value="205"><set name="coins">206</set></li> #Newline		<li value="206"><set name="coins">207</set></li> #Newline		<li value="207"><set name="coins">208</set></li> #Newline		<li value="208"><set name="coins">209</set></li> #Newline		<li value="209"><set name="coins">210</set></li> #Newline		<li value="210"><set name="coins">211</set></li>#Newline		<li value="211"><set name="coins">212</set></li> #Newline		<li value="212"><set name="coins">213</set></li> #Newline		<li value="213"><set name="coins">214</set></li> #Newline		<li value="214"><set name="coins">215</set></li> #Newline		<li value="215"><set name="coins">216</set></li> #Newline		<li value="216"><set name="coins">217</set></li> #Newline		<li value="217"><set name="coins">218</set></li> #Newline		<li value="218"><set name="coins">219</set></li> #Newline		<li value="219"><set name="coins">220</set></li> #Newline		<li value="220"><set name="coins">221</set></li>#Newline		<li value="221"><set name="coins">222</set></li> #Newline		<li value="222"><set name="coins">223</set></li> #Newline		<li value="223"><set name="coins">224</set></li> #Newline		<li value="224"><set name="coins">225</set></li> #Newline		<li value="225"><set name="coins">226</set></li> #Newline		<li value="226"><set name="coins">227</set></li> #Newline		<li value="227"><set name="coins">228</set></li> #Newline		<li value="228"><set name="coins">229</set></li> #Newline		<li value="229"><set name="coins">230</set></li> #Newline		<li value="230"><set name="coins">231</set></li>#Newline		<li value="231"><set name="coins">232</set></li> #Newline		<li value="232"><set name="coins">233</set></li> #Newline		<li value="233"><set name="coins">234</set></li> #Newline		<li value="234"><set name="coins">235</set></li> #Newline		<li value="235"><set name="coins">236</set></li> #Newline		<li value="236"><set name="coins">237</set></li> #Newline		<li value="237"><set name="coins">238</set></li> #Newline		<li value="238"><set name="coins">239</set></li> #Newline		<li value="239"><set name="coins">240</set></li> #Newline		<li value="240"><set name="coins">241</set></li>#Newline		<li value="241"><set name="coins">242</set></li> #Newline		<li value="242"><set name="coins">243</set></li> #Newline		<li value="243"><set name="coins">244</set></li> #Newline		<li value="244"><set name="coins">245</set></li> #Newline		<li value="245"><set name="coins">246</set></li> #Newline		<li value="246"><set name="coins">247</set></li> #Newline		<li value="247"><set name="coins">248</set></li> #Newline		<li value="248"><set name="coins">249</set></li> #Newline		<li value="249"><set name="coins">250</set></li> #Newline	</condition>#Newline</think>,luckyslots.aiml
0,XSUB1,*,*,<think>#Newline	<condition name="coins">#Newline		<li value="249"><set name="coins">248</set></li>#Newline		<li value="248"><set name="coins">247</set></li> #Newline		<li value="247"><set name="coins">246</set></li> #Newline		<li value="246"><set name="coins">245</set></li> #Newline		<li value="245"><set name="coins">244</set></li> #Newline		<li value="244"><set name="coins">243</set></li> #Newline		<li value="243"><set name="coins">242</set></li> #Newline		<li value="242"><set name="coins">241</set></li> #Newline		<li value="241"><set name="coins">240</set></li> #Newline		<li value="240"><set name="coins">239</set></li> #Newline		<li value="239"><set name="coins">238</set></li>#Newline		<li value="238"><set name="coins">237</set></li> #Newline		<li value="237"><set name="coins">236</set></li> #Newline		<li value="236"><set name="coins">235</set></li> #Newline		<li value="235"><set name="coins">234</set></li> #Newline		<li value="234"><set name="coins">233</set></li> #Newline		<li value="233"><set name="coins">232</set></li> #Newline		<li value="232"><set name="coins">231</set></li> #Newline		<li value="231"><set name="coins">230</set></li> #Newline		<li value="230"><set name="coins">229</set></li>#Newline		<li value="229"><set name="coins">228</set></li>#Newline		<li value="228"><set name="coins">227</set></li> #Newline		<li value="227"><set name="coins">226</set></li> #Newline		<li value="226"><set name="coins">225</set></li> #Newline		<li value="225"><set name="coins">224</set></li> #Newline		<li value="224"><set name="coins">223</set></li> #Newline		<li value="223"><set name="coins">222</set></li> #Newline		<li value="222"><set name="coins">221</set></li> #Newline		<li value="221"><set name="coins">220</set></li> #Newline		<li value="220"><set name="coins">219</set></li> #Newline		<li value="219"><set name="coins">218</set></li>#Newline		<li value="218"><set name="coins">217</set></li> #Newline		<li value="217"><set name="coins">216</set></li> #Newline		<li value="216"><set name="coins">215</set></li> #Newline		<li value="215"><set name="coins">214</set></li> #Newline		<li value="214"><set name="coins">213</set></li> #Newline		<li value="213"><set name="coins">212</set></li> #Newline		<li value="212"><set name="coins">211</set></li> #Newline		<li value="211"><set name="coins">210</set></li> #Newline		<li value="210"><set name="coins">209</set></li> #Newline		<li value="209"><set name="coins">208</set></li>#Newline		<li value="208"><set name="coins">207</set></li> #Newline		<li value="207"><set name="coins">206</set></li> #Newline		<li value="206"><set name="coins">205</set></li> #Newline		<li value="205"><set name="coins">204</set></li> #Newline		<li value="204"><set name="coins">203</set></li> #Newline		<li value="203"><set name="coins">202</set></li> #Newline		<li value="202"><set name="coins">201</set></li> #Newline		<li value="201"><set name="coins">200</set></li> #Newline		<li value="200"><set name="coins">199</set></li> #Newline		<li value="199"><set name="coins">198</set></li>#Newline		<li value="198"><set name="coins">197</set></li> #Newline		<li value="197"><set name="coins">196</set></li> #Newline		<li value="196"><set name="coins">195</set></li> #Newline		<li value="195"><set name="coins">194</set></li> #Newline		<li value="194"><set name="coins">193</set></li> #Newline		<li value="193"><set name="coins">192</set></li> #Newline		<li value="192"><set name="coins">191</set></li> #Newline		<li value="191"><set name="coins">190</set></li> #Newline		<li value="190"><set name="coins">189</set></li> #Newline		<li value="189"><set name="coins">188</set></li>#Newline		<li value="188"><set name="coins">187</set></li> #Newline		<li value="187"><set name="coins">186</set></li> #Newline		<li value="186"><set name="coins">185</set></li> #Newline		<li value="185"><set name="coins">184</set></li> #Newline		<li value="184"><set name="coins">183</set></li> #Newline		<li value="183"><set name="coins">182</set></li> #Newline		<li value="182"><set name="coins">181</set></li> #Newline		<li value="181"><set name="coins">180</set></li> #Newline		<li value="180"><set name="coins">179</set></li>#Newline		<li value="179"><set name="coins">178</set></li>#Newline		<li value="178"><set name="coins">177</set></li> #Newline		<li value="177"><set name="coins">176</set></li> #Newline		<li value="176"><set name="coins">175</set></li> #Newline		<li value="175"><set name="coins">174</set></li> #Newline		<li value="174"><set name="coins">173</set></li> #Newline		<li value="173"><set name="coins">172</set></li> #Newline		<li value="172"><set name="coins">171</set></li> #Newline		<li value="171"><set name="coins">170</set></li> #Newline		<li value="170"><set name="coins">169</set></li> #Newline		<li value="169"><set name="coins">168</set></li>#Newline		<li value="168"><set name="coins">167</set></li> #Newline		<li value="167"><set name="coins">166</set></li> #Newline		<li value="166"><set name="coins">165</set></li> #Newline		<li value="165"><set name="coins">164</set></li> #Newline		<li value="164"><set name="coins">163</set></li> #Newline		<li value="163"><set name="coins">162</set></li> #Newline		<li value="162"><set name="coins">161</set></li> #Newline		<li value="161"><set name="coins">160</set></li> #Newline		<li value="160"><set name="coins">159</set></li> #Newline		<li value="159"><set name="coins">158</set></li>#Newline		<li value="158"><set name="coins">157</set></li> #Newline		<li value="157"><set name="coins">156</set></li> #Newline		<li value="156"><set name="coins">155</set></li> #Newline		<li value="155"><set name="coins">154</set></li> #Newline		<li value="154"><set name="coins">153</set></li> #Newline		<li value="153"><set name="coins">152</set></li> #Newline		<li value="152"><set name="coins">151</set></li> #Newline		<li value="151"><set name="coins">150</set></li> #Newline		<li value="150"><set name="coins">149</set></li> #Newline		<li value="149"><set name="coins">148</set></li>#Newline		<li value="148"><set name="coins">147</set></li> #Newline		<li value="147"><set name="coins">146</set></li> #Newline		<li value="146"><set name="coins">145</set></li> #Newline		<li value="145"><set name="coins">144</set></li> #Newline		<li value="144"><set name="coins">143</set></li> #Newline		<li value="143"><set name="coins">142</set></li> #Newline		<li value="142"><set name="coins">141</set></li> #Newline		<li value="141"><set name="coins">140</set></li> #Newline		<li value="140"><set name="coins">139</set></li> #Newline		<li value="139"><set name="coins">138</set></li>#Newline		<li value="138"><set name="coins">137</set></li> #Newline		<li value="137"><set name="coins">136</set></li> #Newline		<li value="136"><set name="coins">135</set></li> #Newline		<li value="135"><set name="coins">134</set></li> #Newline		<li value="134"><set name="coins">133</set></li> #Newline		<li value="133"><set name="coins">132</set></li> #Newline		<li value="132"><set name="coins">131</set></li> #Newline		<li value="131"><set name="coins">130</set></li> #Newline		<li value="130"><set name="coins">129</set></li>#Newline		<li value="129"><set name="coins">128</set></li>#Newline		<li value="128"><set name="coins">127</set></li> #Newline		<li value="127"><set name="coins">126</set></li> #Newline		<li value="126"><set name="coins">125</set></li> #Newline		<li value="125"><set name="coins">124</set></li> #Newline		<li value="124"><set name="coins">123</set></li> #Newline		<li value="123"><set name="coins">122</set></li> #Newline		<li value="122"><set name="coins">121</set></li> #Newline		<li value="121"><set name="coins">120</set></li> #Newline		<li value="120"><set name="coins">119</set></li> #Newline		<li value="119"><set name="coins">118</set></li>#Newline		<li value="118"><set name="coins">117</set></li> #Newline		<li value="117"><set name="coins">116</set></li> #Newline		<li value="116"><set name="coins">115</set></li> #Newline		<li value="115"><set name="coins">114</set></li> #Newline		<li value="114"><set name="coins">113</set></li> #Newline		<li value="113"><set name="coins">112</set></li> #Newline		<li value="112"><set name="coins">111</set></li> #Newline		<li value="111"><set name="coins">110</set></li> #Newline		<li value="110"><set name="coins">109</set></li> #Newline		<li value="109"><set name="coins">108</set></li>#Newline		<li value="108"><set name="coins">107</set></li> #Newline		<li value="107"><set name="coins">106</set></li> #Newline		<li value="106"><set name="coins">105</set></li> #Newline		<li value="105"><set name="coins">104</set></li> #Newline		<li value="104"><set name="coins">103</set></li> #Newline		<li value="103"><set name="coins">102</set></li> #Newline		<li value="102"><set name="coins">101</set></li> #Newline		<li value="101"><set name="coins">100</set></li> #Newline		<li value="100"><set name="coins">99</set></li> #Newline		<li value="99"><set name="coins">98</set></li>#Newline		<li value="98"><set name="coins">97</set></li> #Newline		<li value="97"><set name="coins">96</set></li> #Newline		<li value="96"><set name="coins">95</set></li> #Newline		<li value="95"><set name="coins">94</set></li> #Newline		<li value="94"><set name="coins">93</set></li> #Newline		<li value="93"><set name="coins">92</set></li> #Newline		<li value="92"><set name="coins">91</set></li> #Newline		<li value="91"><set name="coins">90</set></li> #Newline		<li value="90"><set name="coins">89</set></li> #Newline		<li value="89"><set name="coins">88</set></li>#Newline		<li value="88"><set name="coins">87</set></li> #Newline		<li value="87"><set name="coins">86</set></li> #Newline		<li value="86"><set name="coins">85</set></li> #Newline		<li value="85"><set name="coins">84</set></li> #Newline		<li value="84"><set name="coins">83</set></li> #Newline		<li value="83"><set name="coins">82</set></li> #Newline		<li value="82"><set name="coins">81</set></li> #Newline		<li value="81"><set name="coins">80</set></li> #Newline		<li value="80"><set name="coins">79</set></li>#Newline		<li value="79"><set name="coins">78</set></li>#Newline		<li value="78"><set name="coins">77</set></li> #Newline		<li value="77"><set name="coins">76</set></li> #Newline		<li value="76"><set name="coins">75</set></li> #Newline		<li value="75"><set name="coins">74</set></li> #Newline		<li value="74"><set name="coins">73</set></li> #Newline		<li value="73"><set name="coins">72</set></li> #Newline		<li value="72"><set name="coins">71</set></li> #Newline		<li value="71"><set name="coins">70</set></li> #Newline		<li value="70"><set name="coins">69</set></li> #Newline		<li value="69"><set name="coins">68</set></li>#Newline		<li value="68"><set name="coins">67</set></li> #Newline		<li value="67"><set name="coins">66</set></li> #Newline		<li value="66"><set name="coins">65</set></li> #Newline		<li value="65"><set name="coins">64</set></li> #Newline		<li value="64"><set name="coins">63</set></li> #Newline		<li value="63"><set name="coins">62</set></li> #Newline		<li value="62"><set name="coins">61</set></li> #Newline		<li value="61"><set name="coins">60</set></li> #Newline		<li value="60"><set name="coins">59</set></li> #Newline		<li value="59"><set name="coins">58</set></li>#Newline		<li value="58"><set name="coins">57</set></li> #Newline		<li value="57"><set name="coins">56</set></li> #Newline		<li value="56"><set name="coins">55</set></li> #Newline		<li value="55"><set name="coins">54</set></li> #Newline		<li value="54"><set name="coins">53</set></li> #Newline		<li value="53"><set name="coins">52</set></li> #Newline		<li value="52"><set name="coins">51</set></li> #Newline		<li value="51"><set name="coins">50</set></li> #Newline		<li value="50"><set name="coins">49</set></li> #Newline		<li value="49"><set name="coins">48</set></li>#Newline		<li value="48"><set name="coins">47</set></li> #Newline		<li value="47"><set name="coins">46</set></li> #Newline		<li value="46"><set name="coins">45</set></li> #Newline		<li value="45"><set name="coins">44</set></li> #Newline		<li value="44"><set name="coins">43</set></li> #Newline		<li value="43"><set name="coins">42</set></li> #Newline		<li value="42"><set name="coins">41</set></li> #Newline		<li value="41"><set name="coins">40</set></li> #Newline		<li value="40"><set name="coins">39</set></li> #Newline		<li value="39"><set name="coins">38</set></li>#Newline		<li value="38"><set name="coins">37</set></li> #Newline		<li value="37"><set name="coins">36</set></li> #Newline		<li value="36"><set name="coins">35</set></li> #Newline		<li value="35"><set name="coins">34</set></li> #Newline		<li value="34"><set name="coins">33</set></li> #Newline		<li value="33"><set name="coins">32</set></li> #Newline		<li value="32"><set name="coins">31</set></li> #Newline		<li value="31"><set name="coins">30</set></li> #Newline		<li value="30"><set name="coins">29</set></li>#Newline		<li value="29"><set name="coins">28</set></li>#Newline		<li value="28"><set name="coins">27</set></li> #Newline		<li value="27"><set name="coins">26</set></li> #Newline		<li value="26"><set name="coins">25</set></li> #Newline		<li value="25"><set name="coins">24</set></li> #Newline		<li value="24"><set name="coins">23</set></li> #Newline		<li value="23"><set name="coins">22</set></li> #Newline		<li value="22"><set name="coins">21</set></li> #Newline		<li value="21"><set name="coins">20</set></li> #Newline		<li value="20"><set name="coins">19</set></li> #Newline		<li value="19"><set name="coins">18</set></li>#Newline		<li value="18"><set name="coins">17</set></li> #Newline		<li value="17"><set name="coins">16</set></li> #Newline		<li value="16"><set name="coins">15</set></li> #Newline		<li value="15"><set name="coins">14</set></li> #Newline		<li value="14"><set name="coins">13</set></li> #Newline		<li value="13"><set name="coins">12</set></li> #Newline		<li value="12"><set name="coins">11</set></li> #Newline		<li value="11"><set name="coins">10</set></li> #Newline		<li value="10"><set name="coins">9</set></li> #Newline		<li value="9"><set name="coins">8</set></li>#Newline		<li value="8"><set name="coins">7</set></li> #Newline		<li value="7"><set name="coins">6</set></li> #Newline		<li value="6"><set name="coins">5</set></li> #Newline		<li value="5"><set name="coins">4</set></li> #Newline		<li value="4"><set name="coins">3</set></li> #Newline		<li value="3"><set name="coins">2</set></li> #Newline		<li value="2"><set name="coins">1</set></li> #Newline		<li value="1"><set name="coins">0</set></li>#Newline	</condition>#Newline</think>,luckyslots.aiml
