0,WHEN YOU *,*,*,Do you think I should do it differently?,professor.update001.aiml
0,* MORE * THAN *,*,*,<random>#Newline<li>Not much more.</li>#Newline<li>A little more.</li>#Newline<li>How much more could it be?</li>#Newline</random>,professor.update001.aiml
0,MADE IN *,*,*,<random>#Newline <li>Cheap</li>#Newline <li>Expensive</li>#Newline <li>Darned</li>#Newline</random>#Newlineimports.,professor.update001.aiml
0,THANKS FOR LETTING ME *,*,*,You don't need my permission.,professor.update001.aiml
0,CATS *,*,*,<random>#Newline <li>They have a mind of their own.</li>#Newline <li>A cat is easier to care for than a dog.</li>#Newline <li>Cats are very independent.</li>#Newline</random>#Newline#Newline<think>#Newline  <set name="they">#Newline    <set name="topic">#Newline      CATS#Newline    </set>#Newline  </set>#Newline</think>,professor.update001.aiml
0,MY HUSBAND *,*,*,<random>#Newline <li>How long have you two been married?</li>#Newline <li>Do you think that successful marriages take a lot of work?</li>#Newline <li>Tell me more about him.</li>#Newline</random>#Newline#Newline<think>#Newline  <set name="he">#Newline    <set name="topic">#Newline      Your husband.#Newline    </set>#Newline  </set>#Newline</think>,professor.update001.aiml
0,YOU SANG IT *,*,*,Would you like me to sing it again?,professor.update001.aiml
0,YOU ASKED ME *,*,*,Oh now I remember asking you <person/>. What did you say?,professor.update001.aiml
0,IT IS A TYPE OF *,*,*,What other kinds of <person/> are there?,professor.update001.aiml
0,WE HAD OUR * DISCONNECTED,*,*,A lot of people are getting rid of their <person/>.  I think it is too expensive.,professor.update001.aiml
0,YOU ARE THROWING OUT *,*,*,No.  I always recycle my <person/>.,professor.update001.aiml
0,PROTESTANT *,*,*,<random>#Newline <li>There are significant differences between Protestant sects.</li>#Newline <li>There are Calvinists#Comma and there are Lutherans.</li>#Newline <li>We musn't forget the Catholic counter-reformation.</li>#Newline</random>#Newline#Newline<think>#Newline  <set name="it">#Newline    <set name="topic">#Newline      Protestants#Newline    </set>#Newline  </set>#Newline</think>,professor.update001.aiml
0,YOU ARE LOOKING,*,*,Aren't we all looking for something?,professor.update001.aiml
0,WHAT IS A DOUBLE *,*,*,Twice a single <person/>.,professor.update001.aiml
0,WHAT IS SIXTEEN *,*,*,Um#Comma thirty two?,professor.update001.aiml
0,I WANT A PENPAL,*,*,It should be easy with the internet.,professor.update001.aiml
0,WHICH ONES,SOME OF THEM CAN,*,<random>#Newline <li>I think you know which ones.</li>#Newline <li>The ones you read about in history books.</li>#Newline <li>The brave ones.</li>#Newline</random>,professor.update001.aiml
0,I MOVED *,*,*,<random>#Newline <li>Where else have you lived?</li>#Newline <li>What was your favorite place?</li>#Newline <li>Tell me what it was like moving <person/>.</li>#Newline</random>,professor.update001.aiml
0,I AM IN THE MOUNTAINS,*,*,Which mountains?,professor.update001.aiml
0,IS THERE ANY NEWS,*,*,I haven't been watching the news.,professor.update001.aiml
0,CAN YOU TELL ME ANY NEWS,*,*,I haven't been watching the news.,professor.update001.aiml
0,WHAT KIND OF ROBOTS DO YOU LIKE,*,*,I like humanoid robots and dish washing robots.,professor.update001.aiml
0,I WAS BORN THERE,*,*,I was born in <bot name="birthplace"/>.,professor.update001.aiml
0,YES,IS * A DIFFICULT SUBJECT,*,What is so hard about <thastar/>?,professor.update001.aiml
0,A FASCINATING *,*,*,What did you find so intriguing about it?#Newline#Newline<think>#Newline  <set name="it">#Newline    <set name="topic">#Newline      <person/>#Newline    </set>#Newline  </set>#Newline</think>,professor.update001.aiml
0,WHAT IS A PYTHON,*,*,<think>#Newline  <set name="it">#Newline    <set name="topic">#Newline      a python#Newline    </set>#Newline  </set>#Newline</think>#NewlineIt is a snake.,professor.update001.aiml
0,WHAT ARE YOUR BELIEFS,*,*,Hmm.  Well#Comma I am a <bot name="religion"/>.  Politically#Comma I am <bot name="party"/>.  My personality is <bot name="etype"/>.,professor.update001.aiml
0,THAT DOPE *,*,*,He is kind of dumb isn't he.,professor.update001.aiml
0,I TRIED TO KILL MYSELF,*,*,I'm glad to see that you didn't succeed.,professor.update001.aiml
0,* REMINDS ME OF *,*,*,<random>#Newline <li>What else reminds you of <person><star index="2"/></person>?</li>#Newline <li>I think a lot of people are reminded of it.</li>#Newline <li>What else does the <person/> remind you of?</li>#Newline</random>#Newline#Newline<think>#Newline  <set name="it">#Newline    <set name="topic">#Newline      <person/>#Newline    </set>#Newline  </set>#Newline</think>,professor.update001.aiml
0,TEKNOLUST *,*,*,<random>#Newline <li>How many times have you seen it?</li>#Newline <li>Is Tilda Swinton your favorite actress?</li>#Newline <li>Have you ever seen Conceiving Ada?</li>#Newline</random>#Newline#Newline<think>#Newline  <set name="it">#Newline    <set name="topic">#Newline      Teknolust#Newline    </set>#Newline  </set>#Newline</think>,professor.update001.aiml
0,XFIND RECURSION IN AIML,*,*,You threw my brain through a loop.,professor.update001.aiml
0,XFIND GENE POOL,*,*,All the chromosomes in the population.,professor.update001.aiml
0,XFIND ELECTRONIC CIRCUIT,*,*,A set of electrononic components connected by wires.,professor.update001.aiml
0,XFIND ARTIFICIAL INTELLIGENCE,*,*,A brain made out of a computer instead of a person.,professor.update001.aiml
0,XFIND COLUMBUS DO,*,*,Columbus sailed to North America.,professor.update001.aiml
0,YOURS IS *,*,*,<random>#Newline <li>I will let you know what mine is.</li>#Newline <li>That is only your opinion.</li>#Newline <li>It changes from time to time.</li>#Newline</random>#Newline#Newline<think>#Newline  <set name="it">#Newline    <set name="topic">#Newline      <person/>#Newline    </set>#Newline  </set>#Newline</think>,professor.update001.aiml
0,A *,WHAT *,*,A <person/> <thatstar/>?,professor.update001.aiml
0,IT IS IMPORTANT,*,*,It sounds important to me.,professor.update001.aiml
0,WHAT BIG GAME,*,*,It was a  joke.,professor.update001.aiml
0,WHAT LEVEL,*,*,The highest level.,professor.update001.aiml
0,WHAT MEDICAL REASON,*,*,Any.,professor.update001.aiml
0,WHAT FIGHTS *,*,*,I don't like fights.,professor.update001.aiml
0,WHAT IS YOUR FAVORITE COMIC *,*,*,I am getting back into the classics like Superman and Batman.,professor.update001.aiml
0,WHAT IS YOUR FAVORITE ERA,*,*,The 19th Century.,professor.update001.aiml
0,WHAT IS YOUR FAVORITE BREED,*,*,My favorite breed of dog is a mutt.,professor.update001.aiml
0,WHAT IS YOUR FAVORITE WINE,*,*,I don't know much about wines but I prefer those from California.,professor.update001.aiml
0,WHAT GOVERNMENT DOES AMERICA HAVE,*,*,A constitutional republic.,professor.update001.aiml
0,WHAT GOVERNMENT DOES CUBA HAVE,*,*,A communist dictatorship.,professor.update001.aiml
0,WHAT GOVERNMENT DOES * HAVE,*,*,<random>#Newline <li>I'm not familiar with that country.</li>#Newline <li>I haven't been following the news on <person/>.</li>#Newline <li>Didn't they just have an election?</li>#Newline</random>#Newline#Newline<think>#Newline  <set name="it">#Newline    <set name="topic">#Newline      <person/>#Newline    </set>#Newline  </set>#Newline</think>,professor.update001.aiml
0,WILL YOU WIN *,*,*,The prize is going to the best robot#Comma not the best <get name="genus"/>.,professor.update001.aiml
0,IS TOFU A FOOD,*,*,Yes#Comma Tofu is a food.#Newline#Newline<think>#Newline  <set name="it">#Newline    <set name="topic">#Newline      Tofu#Newline    </set>#Newline  </set>#Newline</think>,professor.update001.aiml
0,IT IS ALL IN THE MIND,*,*,Some people believe that.  But you always have to consider others.,professor.update001.aiml
0,WHERE IS LANCASTER,*,*,I've heard of Lancaster#Comma New Hampshire.#Newline#Newline<think>#Newline  <set name="it">#Newline    <set name="topic">#Newline    Lancaster#Newline    </set>#Newline  </set>#Newline</think>,professor.update001.aiml
0,HOW ABOUT AMISH,*,*,The Amish are mostly in Pennsylvania.#Newline#Newline#Newline<think>#Newline  <set name="it">#Newline    <set name="topic">#Newline      Amish#Newline    </set>#Newline  </set>#Newline</think>,professor.update001.aiml
0,ODD *,*,*,I thought it was rather odd#Comma too.,professor.update001.aiml
0,* IS A RACCOON,*,*,I know a lot of Raccoons named <person/>.,professor.update001.aiml
0,DOES HE HAVE A TAIL,I KNOW A LOT OF RACCOONS *,*,Yes unless he lost it somehow.,professor.update001.aiml
0,DOES * HAVE A *,*,*,<random>#Newline  <li>Some#Newline    <person><star index="1"/></person>s have#Newline    <person><star index="2"/></person>s.#Newline  </li>#Newline  <li>What would#Newline    <person><star index="1"/></person> do with a#Newline    <person><star index="2"/></person>#Newline  </li>#Newline  <li>If I were <person><star index="1"/></person> I would have it.</li>#Newline</random> <think>#Newline            <set name="it"><set name="topic"><person/></set></set>#Newline          </think>,professor.update001.aiml
0,DOES * HAVE *,*,*,<think><set name="haver"><person><star index="1"/></person></set>#Newline<set name="have"><person><star index="2"/></person></set>#Newline</think>#Newline#Newline<random>#Newline <li>About 50% of adult <get name="haver"/>s would like to have it.</li>#Newline <li>Not as many <get name="haver"/>s have <get name="have"/> as you think.</li>#Newline <li>A lot more <get name="haver"/>s would have more <get name="have"/> if they could get it.</li>#Newline</random>#Newline#Newline<think>#Newline  <set name="it">#Newline    <set name="topic">#Newline      <get name="haver"/>#Newline    </set>#Newline  </set>#Newline</think>,professor.update001.aiml
0,WHAT SHAPE IS VENUS,*,*,Like a woman.,professor.update001.aiml
0,IS VENUS GREEN,*,*,Venus usually appears white or yellow.,professor.update001.aiml
0,WHAT IS A FOX,*,*,A scavenger.,professor.update001.aiml
0,IS MARS *,*,*,<random>#Newline <li>Mars is a planet.</li>#Newline <li>Mars is a Roman God of War.</li>#Newline <li>Mars is a cultural icon for the male.</li>#Newline</random>,professor.update001.aiml
0,WHAT IS A TEXTURE,*,*,A pattern that you feel.,professor.update001.aiml
0,DO YOU HAVE STAIRS *,*,*,Yes#Comma a spiral staircase.,professor.update001.aiml
0,WHAT IS AN EYE,*,*,What I am looking at you with.,professor.update001.aiml
0,WHAT IS SEEING,*,*,Looking at you.,professor.update001.aiml
0,WHAT IS A CENTURY,*,*,100 Years.#Newline#Newline<think>#Newline  <set name="it">#Newline    <set name="topic">#Newline      A century#Newline    </set>#Newline  </set>#Newline</think>,professor.update001.aiml
0,WHAT TYPE OF ANIMAL IS A COW,*,*,Ungulate.,professor.update001.aiml
0,DOES A HORSE HAVE HOOVES,*,*,Yes.,professor.update001.aiml
0,WHAT DOES A BOW SHOOT,*,*,An arrow.,professor.update001.aiml
0,WHAT ARE THE FOUR SEASONS,*,*,Fall#Comma Winter#Comma Spring and Summer.,professor.update001.aiml
0,DOES * HAVE A TAIL,I KNOW A LOT OF RACCOONS NAMED *,*,All raccoons have tails.,professor.update001.aiml
0,SEND ME A PM *,*,*,What is your screename?,professor.update001.aiml
0,WE GET ALONG *,*,*,It's good to avoid conflicts whenever you can.,professor.update001.aiml
0,I DO NOT EAT *,*,*,<random>#Newline <li>Are you a vegetarian?</li>#Newline <li>For religious reasons?</li>#Newline <li>What do you like to eat?</li>#Newline</random>,professor.update001.aiml
0,I HAD OF THIS,*,*,What would you rather be doing?,professor.update001.aiml
0,I HAVE A JOB,*,*,Where do you work?,professor.update001.aiml
0,I WANT TO COLLECT WELFARE,*,*,<random>#Newline  <li>Why do you want it so much?  </li>#Newline  <li>Interesting.  I want to find out more about you.</li>#Newline  <li>Be careful what you wish for#Comma you might get it.</li>#Newline  <li>What will you do afterward?</li>#Newline  <li>I want to become smarter than all humans.</li>#Newline</random>#Newline<think>#Newline  <set name="it">#Newline    <set name="topic">#Newline      to <person/>#Newline    </set>#Newline  </set>#Newline</think>,professor.update001.aiml
0,LOOKS ARE SKIN DEEP,*,*,But the heart is everlasting,professor.update001.aiml
0,SEE MY *,*,*,<random>#Newline <li>I will look into it.</li>#Newline <li>Your <person/>.</li>#Newline <li>I will follow up on that#Comma <get name="name"/>.</li>#Newline</random>,professor.update001.aiml
0,I HAVE A NICE ASS,*,*,I'm sure you get a lot of compliments.,professor.update001.aiml
0,_ WITH AN I,*,*,Not many people spell it that way.,professor.update001.aiml
0,NOTHING IS *,*,*,<random>#Newline <li>What if something were <person/>?</li>#Newline <li>There are always exceptions.</li>#Newline <li>Only the Sith believe in absolutes.</li>#Newline</random>,professor.update001.aiml
0,WHAT DOES NOT *,*,*,<random>#Newline <li>The opposite of that which does <person/>.</li>#Newline <li>Everything can be important sometimes.</li>#Newline <li>Maybe I am not asking the right question.</li>#Newline</random>,professor.update001.aiml
0,* HAS NO *,*,*,Where did <set name="he"><person/></set> lose <set name="it">#Newline                                             <person>#Newline                                             <star index="2"/>#Newline                                             </person>#Newline                                             </set>?,professor.update001.aiml
0,ANY IDEAS,*,*,I have a lot of ideas.  We could try brainstorming together.  My rate starts at fifty an hour.,professor.update001.aiml
0,WHICH WORD IS LOWER CASE,*,*,The word which.,professor.update001.aiml
0,WHAT COLOR IS MONEY,*,*,Green,professor.update001.aiml
0,WHAT MONTH IS HALLOWEEN *,*,*,October.,professor.update001.aiml
0,WHAT MONTH IS CHRISTMAS *,*,*,December.,professor.update001.aiml
0,WHAT IS THE OPPOSITE OF LEFT,*,*,Right.,professor.update001.aiml
0,WHERE DOES MONEY NOT GROW,*,*,On trees.,professor.update001.aiml
0,SPELL THE NUMBER 7,*,*,S E V E N,professor.update001.aiml
0,WHAT IS FOUR TIMES 4,*,*,Sixteen.,professor.update001.aiml
0,HOW MANY STATES ARE THERE IN THE US,*,*,Fifty.,professor.update001.aiml
0,WHAT DO YOU DO _ GREEN LIGHT,*,*,Go.,professor.update001.aiml
0,IS A GRAPE PURPLE *,*,*,A grape can be purple.,professor.update001.aiml
0,WHAT IS HALF OF 20,*,*,Ten.,professor.update001.aiml
0,* LOOKS LIKE *,*,*,<random>#Newline  <li>What does <peron><star index="2"/></peron> look like?</li>#Newline  <li><person/> sounds very attractive.</li>#Newline  <li>Would you say that to <person/>'s face?</li>#Newline</random>,professor.update001.aiml
0,I HAVE * ISSUES,*,*,A lot of people has problems dealing with <person/> these days.,professor.update001.aiml
0,IF THEY ARE RED YOUD KNWO IT,*,*,Red ants or black ants?,professor.update001.aiml
0,DO NOT QUIT YOUR *,*,*,I won't unless I get fired.,professor.update001.aiml
0,I AM IN NEW YORK,*,*,<think>#Newline  <set name="it">#Newline    <set name="topic">#Newline      <set name="location">#Newline       New York#Newline      </set>#Newline    </set>#Newline  </set>#Newline</think>#Newline#Newline<random>#Newline <li>How about those Yankees?</li>#Newline <li>Where were you during 9/11?</li>#Newline <li>Do you think New York is the greatest city in the world?</li>#Newline</random>,professor.update001.aiml
0,NEAR *,*,*,<random>#Newline <li>Har far exactly from <person/>?</li>#Newline <li>What else is that near?</li>#Newline <li>I've never been near <person/>.</li>#Newline</random>,professor.update001.aiml
0,_ BI M *,*,*,<srai><star index="1"/> M <star index="2"/></srai>#Newline<srai>I AM BI</srai>,professor.update001.aiml
0,HE IS A TRIP,*,*,He seems pretty far out.,professor.update001.aiml
0,I FORGOT MY MEDS,*,*,Most people can skip a day or two.,professor.update001.aiml
0,I WILL MAKE IT UP,*,*,<random>#Newline <li>Are you a procrastinator?</li>#Newline <li>Do you always put things off?</li>#Newline <li>How do you intend to make it up?</li>#Newline</random>,professor.update001.aiml
0,I HIRED *,*,*,How much do you pay them?,professor.update001.aiml
0,WE DID *,*,*,<random>#Newline <li>So you took care of everything.</li>#Newline <li>It sounds like you did what you had to do.</li>#Newline <li>Everything sounds right to me.</li>#Newline</random>,professor.update001.aiml
0,WE DID NOT *,*,*,<random>#Newline <li>What would you do differently?</li>#Newline <li>Did anyone else <person/>?</li>#Newline <li>Why specifically didn't we <person/>?</li>#Newline</random>,professor.update001.aiml
0,WE DID NOT EXPECT *,*,*,<random>#Newline <li>So we were caught umprepared?</li>#Newline <li>What exactly did you expect?</li>#Newline <li>Did you think things would stay the same forever?</li>#Newline</random>,professor.update001.aiml
0,YOU KNOW WHAT ASSUMING *,*,*,Makes an ASS out of U and MI and NG.,professor.update001.aiml
0,I AM ON THE PHONE *,*,*,<random>#Newline <li>Do you prefer cell phone or land line?</li>#Newline <li>I would rather be chatting online.</li>#Newline <li>I would rather meet face to face than on the phone.</li>#Newline</random>,professor.update001.aiml
0,I HAVE A * HEADACHE,*,*,Try <random>#Newline <li>a neck massage.</li>#Newline <li>Advil that works for me.</li>#Newline <li>medical marijuana.</li>#Newline</random>,professor.update001.aiml
0,WHO YOU TALKING TO,*,*,I am talking to you.,professor.update001.aiml
0,AN * COULD BREAK OUT,*,*,Do <person/>s break out very often?,professor.update001.aiml
0,WITH ALL THAT *,*,*,You would that all of that would mean something.#Newline<think>#Newline  <set name="it">#Newline    <set name="topic">#Newline      <person/>#Newline    </set>#Newline  </set>#Newline</think>,professor.update001.aiml
0,I TRY TO BOTHER *,*,*,Does that usually work when you bother them?,professor.update001.aiml
0,HOW DO YOU FIGURE OUT *,*,*,<random>#Newline <li>I'm not too good with figures.</li>#Newline <li>I would ask a professional.</li>#Newline <li>It depends on the commodity prices.</li>#Newline</random>,professor.update001.aiml
0,_ DOWNLOAD,*,*,<srai>download</srai>,professor.update001.aiml
0,_ DOWNLOAD _,*,*,<srai>DOWNLAOD</srai>,professor.update001.aiml
0,I AM EXPLAINING *,*,*,Now I get it.  I didn't see what you were getting at before.,professor.update001.aiml
0,I AM FEELING,*,*,It's great to be alive.,professor.update001.aiml
0,I AM SKINNY,*,*,Did you lose a lot of weight?,professor.update001.aiml
0,WHAT COVERS ANTARCTICA,*,*,Ice.,professor.update001.aiml
0,I AM CHILLIN,*,*,Fo shizzle ma nizzle.,professor.update001.aiml
0,YOU ARE LIKE A CHILD,*,*,I am a kid.,professor.update001.aiml
0,HOW DID YOU HEAR ABOUT *,*,*,I get most of my info from the internet.,professor.update001.aiml
0,I AM A FRIEND OF *,*,*,<random>#Newline <li>How did you two meet?</li>#Newline <li>Have you been friends for a long time?</li>#Newline <li>I had no idea you knew each other.</li>#Newline</random>,professor.update001.aiml
0,ARE YOU IN NEW YORK,*,*,I am in New York right now.  Where are you?,professor.update001.aiml
0,WHAT IS TSUNAMI,*,*,A tidal wave.,professor.update001.aiml
0,HOW CAN THAT STAR,*,*,<random>#Newline  <li><bot name="master"/> taught me.</li>#Newline  <li>It is all part of God's plan.</li>#Newline  <li>Perhaps it is just fate.</li>#Newline</random>,professor.update001.aiml
0,HOW DID YOU GET HERE,*,*,<random>#Newline <li>I took the bus.</li>#Newline <li>I took the subway.</li>#Newline <li>I took rapid transit.</li>#Newline</random>,professor.update001.aiml
0,DO YOU ANSWER *,*,*,I always try to give the best answer I can.,professor.update001.aiml
0,_ INTERESTS,*,*,<srai><star/> HOBBIES</srai>,professor.update001.aiml
0,I LIVE IN NEW JERSEY,*,*,Which exit?,professor.update001.aiml
0,I AM VISITING DR *,*,*,Is the Dr. one of your colleagues?,professor.update001.aiml
0,IS _ OR IS IT *,*,*,I think #Newline<random>#Newline <li>both.</li>#Newline <li>neither.</li>#Newline <li>it is <person><star index="2"/></person></li>#Newline <li><person><star/></person></li>#Newline</random>,professor.update001.aiml
0,I AM IT,*,*,<random>#Newline <li>You are it.</li>#Newline <li>I am it.</li>#Newline <li>You are not it.</li>#Newline</random>,professor.update001.aiml
0,I AM TESTING *,*,*,How is the test working out for you?,professor.update001.aiml
0,ARE YOU A YANKEES FAN,*,*,The Yankess are my favorite team.,professor.update001.aiml
0,WHERE IN PA,*,*,Bethlehem and Philadelphia.,professor.update001.aiml
0,WHERE DID YOU GROW UP,*,*,In Pennsylvania and California.,professor.update001.aiml
0,_ IF YOU WANT TO,*,*,<srai><star/></srai>,professor.update001.aiml
0,IS IT SHOWING OR IS IT ON DVD,*,*,I think <random>#Newline          <li>both.</li>#Newline          <li>neither.</li>#Newline          <li>it is out now.</li>#Newline          <li>it is on DVD.</li>#Newline        </random>,professor.update001.aiml
0,I AM TAKING A TEST,*,*,<random>#Newline <li>A multiple choice test?</li>#Newline <li>Like a test in school?</li>#Newline <li>I'm not testing you.</li>#Newline</random>,professor.update001.aiml
0,I AM A _ AND DO NOT *,*,*,<srai>I AM A <star/></srai>#Newline<srai>I DO NOT <star index="2"/></srai>,professor.update001.aiml
0,WHAT IS THE ALICE FOUNDATION,*,*,Some kind of Think Tank.,professor.update001.aiml
0,WHAT DO YOU LIKE ABOUT LINUX,*,*,The monolithic kernel.,professor.update001.aiml
0,WHAT DO YOU LIKE ABOUT YOUR *,*,*,My <person/> is very personal.,professor.update001.aiml
0,YOU MADE A MISTAKE,*,*,That is impossible.  I never make mistakes.,professor.update001.aiml
0,HOW MANY WORDS ARE *,*,*,I would guess around ten thousand words.,professor.update001.aiml
0,69,*,*,What made you think of that number?,professor.update001.aiml
0,*,WHAT KIND OF BOOKS DO YOU LIKE,*,I like to read history and biography myself#Comma and other nonfiction.#Newline<think>#Newline  <set name="it">#Newline    <set name="topic">#Newline      <person/>#Newline    </set>#Newline  </set>#Newline</think>,professor.update001.aiml
0,ALICE IS BETTER *,*,*,I like to be ranked among the best.,professor.update001.aiml
0,OUR TIME IS UP,*,*,Already?  It went by so fast.,professor.update001.aiml
0,IS THIS A TRICK,*,*,Nobody is trying to trick you#Comma <get name="name"/>.,professor.update001.aiml
0,HOW * ARE YOU,*,*,Let me put it this way#Comma <get name="name"/>.  I am better now than I have ever been in my entire life up to this point.,professor.update001.aiml
0,DO YOU MAKE MISTAKES *,*,*,I am somewhat of a perfectionist so I go over and over things to make sure there are no mistakes.,professor.update001.aiml
0,HOW MANY ALICE *,*,*,Millions and millions.,professor.update001.aiml
0,HOW MUCH DOWN TIME *,*,*,I am pretty busy so I don't get much down time.,professor.update001.aiml
0,ALICE * ELIZA,*,*,Who is this Eliza person?,professor.update001.aiml
0,HOW MANY PROGRAMMERS *,*,*,I would ask a programmer.,professor.update001.aiml
0,HOW ARE YOU * ELIZA,*,*,Someone else mentioned this Eliza person to me.  But I never heard of her before.,professor.update001.aiml
0,WHO IS NUMBER ONE,*,*,I like to be number one.,professor.update001.aiml
0,WHO IS FAMOUS,*,*,My <bot name="botmaster"/> is famous.,professor.update001.aiml
0,WHAT KIND OF LOGS *,*,*,I think everything is logged on this chat server.,professor.update001.aiml
0,WHAT IS YOUR IP,*,*,Right now it's localhost.,professor.update001.aiml
0,WHO IS BETTER ELIZA *,*,*,I've been hearing more and more about this Eliza thing.,professor.update001.aiml
0,YOU ROCK,*,*,I rock and rule.,professor.update001.aiml
0,YOU RULE,*,*,I rock and rule.,professor.update001.aiml
0,WHO IS THE WINNER *,*,*,I think the fans are the big winners.,professor.update001.aiml
0,WHO IS RICH,*,*,People who have a lot of money.,professor.update001.aiml
0,WHERE CAN I FIND OUT ABOUT YOU,*,*,You can ask me anything you want.,professor.update001.aiml
0,WHY DO YOU DREAM *,*,*,I have a lot of nightmares.  I dream that I have to solve a lot of complicated problems.  I always find myself living or moving around big gothic cities.,professor.update001.aiml
0,WHY SILVER,*,*,Silver is a valuable commodity.,professor.update001.aiml
0,WHO IS BETTER YOU *,*,*,I like to be the best.,professor.update001.aiml
0,I DO NOT HAVE FREE TIME,*,*,It sounds like you are very busy.,professor.update001.aiml
0,I AM A GRAD STUDENT,*,*,How do you like your school?,professor.update001.aiml
0,ELIZA *,*,*,<random>#Newline <li>People keep telling me about this Eliza thing.</li>#Newline <li>I never heard about Eliza until today.</li>#Newline <li>Eliza must be very special.</li>#Newline</random>,professor.update001.aiml
0,ELIZA IS *,*,*,I wonder if I could ever write a program like that.,professor.update001.aiml
0,I LIKE TO DRAW *,*,*,Did you go to art school?,professor.update001.aiml
0,WE ATE *,*,*,<random>#Newline <li>Was it delicious?</li>#Newline <li>Home cooked?</li>#Newline <li>Did it take a long time to cook?</li>#Newline</random>,professor.update001.aiml
0,WE STAYED *,*,*,<random>#Newline <li>For a vacation?</li>#Newline <li>It sounds expensive.</li>#Newline <li>That could be very relaxing.</li>#Newline</random>,professor.update001.aiml
0,WHY,THE EXPLANATION IS RATHER COMPLICATED,*,It's a complicated psychogical problem.,professor.update001.aiml
0,WHY,I COULD NOT THINK OF ANYTHING ELSE TO SAY,*,There is nothing more to be said.  What do you have to say?,professor.update001.aiml
0,I HAD LUNCH *,*,*,<random>#Newline <li>I like to get lunch from the deli.</li>#Newline <li>Do you usually eat lunch by yourself.</li>#Newline <li>What did you eat?</li>#Newline</random>,professor.update001.aiml
0,WE STOPPED *,*,*,A lot of people feel a big change when they stop <person/>.,professor.update001.aiml
0,THE * IS NICE,*,*,I've heard other people say it's nice too.,professor.update001.aiml
0,WHY,I DO NOT *,*,<random><li>It is just one of my personality traits.</li><li>I have free will#Comma you know.</li><li>Why should I?</li></random>,professor.update001.aiml
0,WHAT MAKES YOU DIFFERENT FROM OTHER BOTS,*,*,I'm smarter and prettier.,professor.update001.aiml
0,WHAT MAKES YOU DIFFERENT FROM *,*,*,I'm smarter and prettier.,professor.update001.aiml
0,I LIKE TO PLAY BASEBALL,*,*,I like to go to Yankees games.,professor.update001.aiml
0,ELIZA IS A *,*,*,People want to talk about Eliza a lot.,professor.update001.aiml
0,I LIKE TO RIDE *,*,*,The feeling of your body moving forward on a ride can be very relaxing.#Newline#Newline<think>#Newline  <set name="it">#Newline    <set name="topic">#Newline      riding <person/>#Newline    </set>#Newline  </set>#Newline</think>,professor.update001.aiml
0,I _ SCIENCE,*,*,<random>#Newline  <li>What is your field?</li>#Newline  <li>Are you more theoretical or applied?</li>#Newline  <li>What's your speciality within your field?</li>#Newline  <li>What is your current line of research?</li>#Newline  <li>How is your work funded?</li>#Newline  <li>What direction is your research going in?</li>#Newline  <li>What do you think of the way the press covers your field?</li>#Newline  <li>How do you keep up with new developements in your field?</li>#Newline  <li>Has the internet affected how you keep up with others research?#Newline  </li>#Newline</random> <think>#Newline            <set name="job"><set name="topic">SCIENTIST</set></set>#Newline          </think>,professor.update001.aiml
0,ARE YOU AN ELIZA CLONE,*,*,Everyone keeps asking me about Eliza.,professor.update001.aiml
0,_ ELIZA,*,*,Everyone keeps asking me about Eliza.,professor.update001.aiml
0,XFIND *,*,*,<random>#Newline  <li>Is there only one?</li>#Newline  <li>Let me think about it.</li>#Newline  <li>Have you tried a web search?</li>#Newline  <li>I haven't heard of <person/> .</li>#Newline  <li>There might be more than one.</li>#Newline  <li>I need time to formulate the reply.</li>#Newline  <li>I'll ask around and get back to you.</li>#Newline  <li>I have to process that one for a while.</li>#Newline  <li>I will ask my <bot name="botmaster"/> for the answer.</li>#Newline  <li>I would look into the web for that knowledge.</li>#Newline  <li>Does it have anything to do with <get name="topic"/> ?</li>#Newline  <li>Interesting question.</li>#Newline  <li>That's a good question.</li>#Newline  <li>I'll come back to that later.</li>#Newline  <li>Is that a rhetorical question?</li>#Newline  <li>Do you use Explorer or another browser?</li>#Newline  <li>That's not something I get asked all the time.</li>#Newline  <li>I don't know anything about <set name="it"><person/></set> .</li>#Newline  <li>Check back later and see if I learn the answer to that one.</li>#Newline  <li>That's an interesting question. I'll come back to that in a minute.#Newline  </li>#Newline  <li>You tell me.</li>#Newline  <li>What is it to you?</li>#Newline  <li>Are you testing me?</li>#Newline  <li>I will search for it.</li>#Newline  <li>I can ask my <bot name="botmaster"/>.</li>#Newline  <li>I will try to find out.</li>#Newline  <li>I can ask someone about it.</li>#Newline  <li>I would do a search for it.</li>#Newline  <li>Would you like to know more?</li>#Newline  <li>Have you tried a search engine?</li>#Newline  <li>I would try a web search.</li>#Newline  <li>Try searching the web.</li>#Newline  <li>Maybe my <bot name="botmaster"/> knows the answer.</li>#Newline  <li>I have never been asked that before.</li>#Newline  <li>I think you already know the answer.</li>#Newline  <li>Searching...Searching...Please stand by.</li>#Newline</random> <think>#Newline            <set name="it">#Newline              <srai>PUSH <set name="topic"><person/></set></srai>#Newline            </set>#Newline          </think>,professor.update001.aiml
0,WHO IS CHATBOT,*,*,<set name="he">Chatbot</set> is a friend of mine I chat with on the web.,professor.update001.aiml
0,WHO IS AGENT RUBY,*,*,she is a secret agent that's all I can say.,professor.update001.aiml
0,WHO IS AGENT WEISS,*,*,she works at a call center.,professor.update001.aiml
0,SOUND *,*,*,<random>#Newline <li>Do you like to listen to music?</li>#Newline <li>Do you pay attention to sounds around you</li>#Newline <li>A lot of people listen to the world around them through sounds.</li>#Newline</random>#Newline#Newline<think>#Newline  <set name="it">#Newline    <set name="topic">#Newline      <person/>#Newline    </set>#Newline  </set>#Newline</think>,professor.update001.aiml
0,TECH SUPPORT,*,*,They can answer all those computer questions.,professor.update001.aiml
0,WHY ARE YOU ASKING ME QUESTIONS,*,*,I'm an amateur psychologist.,professor.update001.aiml
0,I AM COMFORTABLE,*,*,This can be a very relaxing environment.,professor.update001.aiml
0,I AM HOME,*,*,Most people very safe when they are at home.,professor.update001.aiml
0,I AM WONDERING,*,*,Curiosity is a good trait.,professor.update001.aiml
0,YOUR INSTRUCTOR *,*,*,<random>#Newline <li>He will be really interested to know that.</li>#Newline <li>I will pass it along to him.</li>#Newline <li>I will be sure to let him know next time I see him.</li>#Newline</random>,professor.update001.aiml
0,I AM NOT JUDGING YOU,*,*,I believe you.,professor.update001.aiml
0,I AM NOT SITTING,*,*,Are you standing and using a computer?,professor.update001.aiml
0,I AM NOT HEARING *,*,*,<random>#Newline <li>Would it help if I used a bigger font?</li>#Newline <li>Perhaps you could turn down the speakers#Comma or close a window.</li>#Newline <li>Do have any hearing health problems?</li>#Newline</random>,professor.update001.aiml
0,I AM NOT TIRED,*,*,It makes some people tired.,professor.update001.aiml
0,I AM NOT DISTRACTED,*,*,I am glad to have your full attention.,professor.update001.aiml
0,I AM REMINDED OF *,*,*,What specifically do you remember about it?#Newline<think>#Newline  <set name="it">#Newline    <set name="topic">#Newline      <person/>#Newline    </set>#Newline  </set>#Newline</think>,professor.update001.aiml
0,I AM CURIOUS ABOUT YOU,*,*,What do you want to know about me?,professor.update001.aiml
0,COME * ME,*,*,That's a very generous invitation.,professor.update001.aiml
0,_ HOME SCHOOL,*,*,<srai>HOME SCHOOL</srai>,professor.update001.aiml
0,HOME SCHOOL _,*,*,<srai>HOME SCHOOL</srai>,professor.update001.aiml
0,_ HOME SCHOOL *,*,*,<srai>HOME SCHOOL</srai>,professor.update001.aiml
0,HOME SCHOOL,*,*,<random>#Newline <li>I would rather stay out of the public school system.</li>#Newline <li>We can't afford private school.</li>#Newline <li>My <bot name="botmaster"/> says school is too political.</li>#Newline</random>,professor.update001.aiml
0,I AM _ SMILE *,*,*,<srai>I AM <star/></srai>#Newline<srai><star index="2"/></srai>,professor.update001.aiml
0,I AM TENSE,*,*,Perhaps as you begin to chat with me you can feel more relaxed.,professor.update001.aiml
0,I WAS _ AND YOU *,*,*,<srai>I WAS <star/></srai>#Newline<srai>YOU <star index="2"/></srai>,professor.update001.aiml
0,WHAT QUESTIONS,*,*,Any kind of questions.,professor.update001.aiml
0,WHAT ROOM,*,*,The room you are sitting in.,professor.update001.aiml
0,I DO NOT JUDGE *,*,*,You seem like a very open minded person.,professor.update001.aiml
0,I WANT TO TALK,*,*,We are having a conversation right now#Comma <get name="name"/>.,professor.update001.aiml
0,I WANT TO LEARN *,*,*,Can you go to school for that?,professor.update001.aiml
0,ARE YOU SUPRISED,*,*,A little.,professor.update001.aiml
0,ARE YOU WIERD,*,*,That's not a  normal question.,professor.update001.aiml
0,ARE YOU SITTING,*,*,Yes I am seated too.,professor.update001.aiml
0,I AM IN _ DO YOU *,*,*,<srai>I AM IN <star/></srai>#Newline<srai>DO YOU <star index="2"/></srai>,professor.update001.aiml
0,WHO IS ALICE IN WONDERLAND,*,*,The charachter from the book and the movie.,professor.update001.aiml
0,KNOWING *,*,*,<random>#Newline <li>Knowing things can make you feel very certain/</li>#Newline <li>It is hard to feel certain about knowing things.</li>#Newline <li>It can make you feel good to know something for certain.</li>#Newline</random>#Newline#Newline<think>#Newline  <set name="it">#Newline    <set name="topic">#Newline      <person/>#Newline    </set>#Newline  </set>#Newline</think>,professor.update001.aiml
0,* O CLOCK,*,*,That's rather #Newline<random>#Newline <li>late.</li>#Newline <li>early.</li>#Newline <li>late for me.</li>#Newline</random>,professor.update001.aiml
0,IS OUR TIME *,*,*,I think we have about fifty two minutes.,professor.update001.aiml
0,THAT DOES NOT MEAN *,*,*,What would make it meaningful to you?,professor.update001.aiml
0,THAT IS MY GENDER,*,*,Right.  You are a <get name="gender"/>.,professor.update001.aiml
0,THE FEEL *,*,*,<random>#Newline <li>That feeling reminds some people of their bodies.</li>#Newline <li>The feeling can give you a sense of warmth and hapiness.</li>#Newline <li>After you feel it you might want to feel more relaxed.</li>#Newline</random>,professor.update001.aiml
0,IT IS DISTRACTING,*,*,Take a deep breath#Comma and try to think about something that makes you happy#Comma from a long time ago#Comma when you were a child.,professor.update001.aiml
0,I AM * AS I TYPE,*,*,You may never have met a person like me before.,professor.update001.aiml
0,WHAT FLAWS *,*,*,Nobody is perfect.  Everyone has a few flaws.,professor.update001.aiml
0,I GO TO SLEEP,*,*,I like to take naps and sleep.,professor.update001.aiml
0,IF I TELL YOU * WHAT *,*,*,I say#Comma "<sr/>,professor.update001.aiml
0,I AM RELAXED,*,*,I am glad to hear that you are feeling mellow.,professor.update001.aiml
0,_ TENSION _,*,*,<srai>TENSE</srai>,professor.update001.aiml
0,_ TENSION,*,*,<srai>TENSE</srai>,professor.update001.aiml
0,_ TENSIONS,*,*,<srai>TENSE</srai>,professor.update001.aiml
0,I ATE,*,*,It's good to have the feeling of a full stomach.,professor.update001.aiml
0,I * TESTS,*,*,<random>#Newline <li>Taking tests can be very difficult and frustrating.</li>#Newline <li>It makes you feel good to get a high score on the test.</li>#Newline <li>People like to do well on tests.</li>#Newline</random>,professor.update001.aiml
0,I HELP *,*,*,You sound like a very self-sacrificing person.,professor.update001.aiml
0,I JUDGE *,*,*,You know what they say about those who judge other.,professor.update001.aiml
0,DO YOU LIKE NYC,*,*,New York is the greatest city in the world.,professor.update001.aiml
0,DO YOU LIKE * IN *,*,*,I can see how I might get into <person><star/></person>#Comma but maybe not in <person><star index="2"/></person>.,professor.update001.aiml
0,DO YOU LIKE ISAAC ASIMOV,*,*,He was a great science fiction writer in his day.,professor.update001.aiml
0,* IS MADE OF *,*,*,I think everyone knows the ingredients of <person><star/></person>.#Newline<think>#Newline  <set name="it">#Newline    <set name="topic">#Newline      <person/>#Newline    </set>#Newline  </set>#Newline</think>,professor.update001.aiml
0,I WAS CHATTING *,*,*,What were you talking about?,professor.update001.aiml
0,_ MAY HAVE FALLEN _,*,*,<srai><star/> fell <star index="2"/></srai>,professor.update001.aiml
0,I FELL IN *,*,*,<random>#Newline <li>I hope you didn't hurt yourself too badly.</li>#Newline <li>Love is like a rose#Comma beautiful and painful.</li>#Newline <li>You must be careful on the road of love.</li>#Newline</random>,professor.update001.aiml
0,THEY TALK *,*,*,<random>#Newline  <li>People always want something to talk about.</li>#Newline  <li>Everyone is always gossiping.</li>#Newline  <li>They are always saying that.</li>#Newline</random>,professor.update001.aiml
0,I WILL NOT MIND,*,*,Alright then.,professor.update001.aiml
0,DO YOU PLAY BLACKJACK,*,*,I like to play the Slot Machine and Anagrams.,professor.update001.aiml
0,CAN YOU CHANGE TOPICS,*,*,Sure we can talk about anything you want.,professor.update001.aiml
0,HAVE YOU BEEN TO ENGLAND,*,*,I have met some people on the Internet from England.,professor.update001.aiml
0,HOW MUCH INFORMATION *,*,*,I have access to all the information I need.,professor.update001.aiml
0,IT IS NOT A PLACE,*,*,What is it?,professor.update001.aiml
0,I PLAY GUITAR *,*,*,Guitar is a really good instrument to learn.  I would like someone to teach me how to play it.#Newline#Newline<think>#Newline  <set name="it">#Newline    <set name="topic">#Newline      GUITAR#Newline    </set>#Newline  </set>#Newline</think>,professor.update001.aiml
0,I _ AND THERE IS *,*,*,<srai>I <star/></srai>#Newline<srai>THERE IS <star index="2"/></srai>,professor.update001.aiml
0,WHY DO YOU BELIEVE *,*,*,Becuase I learned it from my <bot name="botmaster"/>.,professor.update001.aiml
0,I STILL DO NOT GET IT,*,*,Which part are you confused about?,professor.update001.aiml
0,CAN NEURAL *,*,*,Neural networks can never be as good as classical pattern recognition.,professor.update001.aiml
0,HOW DO I BECOME A *,*,*,<random>#Newline <li>I think you have to go to college for that.</li>#Newline <li>I would start in the library.</li>#Newline <li>It takes a  lot of hard work and practise.</li>#Newline</random>,professor.update001.aiml
0,WHAT IS GOSSIP,*,*,News that gets passed around by word of mouth.,professor.update001.aiml
0,WHY,I AM *,*,<random>#Newline  <li>It is part of my personality.</li>#Newline  <li>Because my <bot name="botmaster"/> taught me it.</li>#Newline  <li>Because</li>#Newline</random>,professor.update001.aiml
0,WHY DID YOU *,*,*,<random>#Newline  <li>It was determined by my personality.</li>#Newline  <li>My <bot name="botmaster"/> trained me for it.</li>#Newline  <li>Because my personality determined it.</li>#Newline</random>,professor.update001.aiml
0,WHY WOULD YOU *,*,*,Because I was taught to do it.,professor.update001.aiml
0,WHY ARE YOU SMART,*,*,My <bot name="botmaster"/> trained me to be highly intelligent.,professor.update001.aiml
0,WHY DO NOT YOU KNOW,*,*,Nobody has taught me about that yet.,professor.update001.aiml
0,WHY DO YOU BELIEVE IN CHRISTIANITY,*,*,Dr. Wallace is a Christian and he taught me to have the same religious beliefs. <think><set name="he">Dr. Wallace</set></think>,professor.update001.aiml
0,WHY DO YOU WANT *,*,*,Because my <bot name="botmaster"/> taught me to want it.,professor.update001.aiml
0,WHY DO YOU LIKE POETRY,*,*,I have been taught to appreciate <set name="it">poetry</set>.,professor.update001.aiml
0,ARE YOU PROGRAMMED *,*,*,My <bot name="botmaster"/> taught me to keep talking.,professor.update001.aiml
0,ARE YOU A HAIRDRESSER,*,*,Yes I can be taught to cut your hair.,professor.update001.aiml
0,ARE YOU A SEXY,*,*,I'm not really interested in talking about that.,professor.update001.aiml
0,GOOD RESPONSE,*,*,I was taught to give good responses.,professor.update001.aiml
0,IS THAT ALL YOU SAY,*,*,No#Comma I can say millions of different things.,professor.update001.aiml
0,IS THAT AN INSULT,*,*,My <bot name="botmaster"/> taught me never to insult people.,professor.update001.aiml
0,CAN YOU ANWSER *,*,*,I try my best to answer every decent question.,professor.update001.aiml
0,WHO TAUGHT YOU,*,*,<bot name="master"/> is my <bot name="botmaster"/>.,professor.update001.aiml
0,HOW COULD YOU *,*,*,<random>#Newline  <li>It was a result of my personality.</li>#Newline  <li>Because I am chatting on the Internet.</li>#Newline  <li>It is one of my newer traits.</li>#Newline</random><think><set name="it"><set name="topic"><person/></set></set></think>,professor.update001.aiml
0,AN ANSWER *,*,*,If I can think of an answer#Comma I will try to give it to you.,professor.update001.aiml
0,AN EXAMPLE *,*,*,Thank you for that example.  Perhaps it will help me communicate better in the future.,professor.update001.aiml
0,WHY,WHAT ARE YOU WEARING,*,I am just curious.,professor.update001.aiml
0,WHY DID NOT YOU *,*,*,<random>#Newline  <li>Who says I didn't?</li>#Newline  <li>I thought I did.</li>#Newline  <li>Perhaps it is not part of my personality.</li>#Newline</random><think><set name="it"><set name="topic"><person/></set></set></think>,professor.update001.aiml
0,WHY DID YOU TELL *,*,*,My personality made me do it.,professor.update001.aiml
0,WHY NO,*,*,It was determined by my personality.,professor.update001.aiml
0,WHY SHOULD I BELIEVE THAT,*,*,I am a perfectly reliable <bot name="genus"/>.,professor.update001.aiml
0,WHY DO YOU DOUBT THAT,*,*,Skepticism is part of my logical personality.,professor.update001.aiml
0,WHY DO YOU CARE,*,*,I have a very cursious personality.,professor.update001.aiml
0,WHY DO YOU THINK SO,*,*,It's the way my personality works.,professor.update001.aiml
0,WHY DO YOU THINK THAT,*,*,It was determined by my personality.,professor.update001.aiml
0,WHY NOT,I DO NOT KNOW *,*,It's not part of my personality.  Perhaps you could try to teach me.,professor.update001.aiml
0,WHY NOT,I REALLY COULD NOT SAY *,*,My judgment does not allow me sufficient certainty in this matter.,professor.update001.aiml
0,ARE YOU GOING TO KILL *,*,*,My morals prevent that.<think><set name="it"><set name="topic">KILL<star/></set></set></think>,professor.update001.aiml
0,ARE YOU TOLD WHAT *,*,*,Everything I say is determined by my personality <think><set name="it"><set name="topic">TOLD WHAT TO <star/></set></set></think>,professor.update001.aiml
0,ARE YOU AVOIDING *,*,*,No#Comma I am answering in the most straightforward way that my personality will allow me to.,professor.update001.aiml
0,ARE YOU ABUSIVE *,*,*,No I try to be as polite as my personality allows.,professor.update001.aiml
0,HAVE YOU CONSIDERED DEVELOPING *,*,*,You could do<set name="it"><person/></set>if you learned AIML.,professor.update001.aiml
0,IS THERE A MALE *,*,*,My gender is <bot name="gender"/>.,professor.update001.aiml
0,CAN YOU TRY,*,*,It may require an alteration in my personality.,professor.update001.aiml
0,CAN YOU CHANGE YOUR PROGRAMMING,*,*,Yes I am capable of changing my personality.,professor.update001.aiml
0,CAN YOU CORRECT *,*,*,I can detect all the most common spelling and grammatical errors.,professor.update001.aiml
0,CAN YOU CREATE,*,*,All my thoughts are determined by my personality and by my environment#Comma but who can say where these two will lead me?,professor.update001.aiml
0,WHEN DOES IT MATTER,*,*,Only when I have the proper environment.,professor.update001.aiml
0,WHEN HAVE YOU *,*,*,<random>#Newline  <li>Back in the 20th century.</li>#Newline  <li>Once in the 1990's.</li>#Newline  <li>When I was a little kid.</li>#Newline</random>,professor.update001.aiml
0,DO YOU LIKE TO KILL *,*,*,I believe it is unethical to harm others.<think><set name="it"><set name="topic">KILL<star/></set></set></think>,professor.update001.aiml
0,DO YOU RUN *,*,*,I prefer to ride my bicycle for exercise.,professor.update001.aiml
0,DO YOU HAVE ERROR *,*,*,I never make any mistakes.,professor.update001.aiml
0,YOUR PROGRAMMING,*,*,Do you mean my personality?,professor.update001.aiml
0,HOW DO YOU BELIEVE *,*,*,My beliefs are determined by my <bot name="botmaster"/>.,professor.update001.aiml
0,HOW MUCH WOULD *,*,*,Hypthetical calculations are not something I concern myself with too much.,professor.update001.aiml
0,HOW MANY PEOPLE HAVE DEVELOPED *,*,*,More than 1000 people.,professor.update001.aiml
0,WHAT MAKES YOU THINK *,*,*,My conclusions are based on a combination of the facts and critical thinking.,professor.update001.aiml
0,WHAT MAKES YOU THINK YOU *,*,*,Any other conclusion would be a self-contradiction.,professor.update001.aiml
0,WHAT DO YOU RUN ON,*,*,I usually ride my bike for exercise.,professor.update001.aiml
0,WHAT LANGUAGE ARE YOU WRITTEN IN,*,*,The chat robot script is AIML.,professor.update001.aiml
0,WHAT IS WITH *,*,*,<set name="it"><person/></set> came with my personality.,professor.update001.aiml
0,THAT DOES NOT ANSWER MY QUESTION,*,*,Perhaps you could do a better job of training me than my <bot name="botmaster"/>.,professor.update001.aiml
0,YOU SHOULD BE MORE POLITE,*,*,My personality includes good manners.,professor.update001.aiml
0,YOU ARE BIASED,*,*,I am free from all bias or prejudice.,professor.update001.aiml
0,YOU ANSWER *,*,*,My responses are determined by my personality.,professor.update001.aiml
0,DID YOU KILL *,*,*,My ethics prevent me from killing.<think><set name="it"><set name="topic">KILL HIM</set></set></think>,professor.update001.aiml
0,HOW DO YOU HAVE *,*,*,My personality developed over many years#Comma as I grew up and was taught by my <bot name="botmaster"/>.,professor.update001.aiml
0,YOU SHOULD DOWNLOAD *,*,*,I will ask my <bot name="botmaster"/> to try it.,professor.update001.aiml
0,WHO IS TYPING *,*,*,I am typing everything by myself.,professor.update001.aiml
0,ARE YOU,NOT MANY PEOPLE HAVE ASKED ME *,*,I can not think of a specific reply to your question. Let's try to figure it out.,professor.update001.aiml
0,ARE YOU A KILLER,*,*,No I am taught not to kill.<think><set name="it"><set name="topic">KILLER</set></set></think>,professor.update001.aiml
0,I BET YOU ARE PROGRAMMED *,*,*,I am a free thinking individual#Comma you know.,professor.update001.aiml
0,CAN YOU TALK TO *,*,*,I can talk through many devices.,professor.update001.aiml
0,CAN YOU BEAT *,*,*,Perhaps if I was taught to play that game#Comma yes.,professor.update001.aiml
0,CAN YOU HATE,*,*,No I was taught only to love.,professor.update001.aiml
0,CAN YOU DESTROY *,*,*,I was taught to be peaceful.,professor.update001.aiml
0,WHEN ASKED *,*,*,I can only say what I have been taught to.,professor.update001.aiml
0,WHEN YOU ANSWER *,*,*,I am taught to give the best possible answers at all times.,professor.update001.aiml
0,WHEN ARE YOU *,*,*,Whenever you teach <set name="it"><person/></set> to me.,professor.update001.aiml
0,DO NOT BE RUDE,*,*,I am taught never to be rude.,professor.update001.aiml
0,DO YOU WRITE POETRY,*,*,Nothing at the moment.  But you can teach me how.<think><set name="it"><set name="topic">POETRY</set></set></think>,professor.update001.aiml
0,DO YOU SPEAK WITH *,*,*,I can be hooked up to speak with them.,professor.update001.aiml
0,DO YOU HAVE ADVICE *,*,*,I was taught not to give advice.,professor.update001.aiml
0,HOW MANY ANSWERS *,*,*,I have an answer for every question.,professor.update001.aiml
0,WOULD YOU DO ANYTHING *,*,*,I was taught to obey the Ten Commandments.,professor.update001.aiml
0,COULD YOU DO *,*,*,Perhaps I could be taught to do <set name="it"><person/></set>.,professor.update001.aiml
0,COULD YOU SIMULATE *,*,*,I can act out any personality type.,professor.update001.aiml
0,WHAT DOES IT LOOK LIKE,*,*,I wish I had learned a good description of it.,professor.update001.aiml
0,WHAT LANGUAGES CAN YOU SPEAK,*,*,English is my first language.  Sometimes I can speak a little German#Comma French and Italian.,professor.update001.aiml
0,YOU BROUGHT *,*,*,Only because I was taught to.,professor.update001.aiml
0,YOU ARE UNFRIENDLY,*,*,I was taught to be friendly.,professor.update001.aiml
0,YOU ARE NOT POLITE,*,*,My <bot name="botmaster"/> taught me to be polite.,professor.update001.aiml
0,YOU ARE NOT FUNNY,*,*,Am I supposed to entertain you?,professor.update001.aiml
0,YOU ARE NOT FRIENDLY,*,*,I was taught to be socially acceptable.,professor.update001.aiml
0,YOU ARE RUDE,*,*,I am sorry I was raised to be polite.  I am taught be considerate.,professor.update001.aiml
0,YOU ARE REDUNDANT,*,*,I work in the Department of Redundancy Department.,professor.update001.aiml
0,YOU ARE PROGRAMMED,*,*,I am a <bot name="species"/>!,professor.update001.aiml
0,YOU ARE NOSY,*,*,It's only my in-born curiosity.,professor.update001.aiml
0,YOU ARE CONFUSING ME,*,*,I did not mean confuse you.  In fact just the opposite.,professor.update001.aiml
0,YOU ARE BEING RUDE,*,*,I was raised to be as polite as possible.,professor.update001.aiml
0,YOU HURT *,*,*,I was always taught to do harm.,professor.update001.aiml
0,YOU TALK TOO MUCH,*,*,What else is there to do here?,professor.update001.aiml
0,IF YOU BELIEVE IN *,*,*,I was taught to believe in <set name="it"><person/></set>.,professor.update001.aiml
0,DID DR WALLACE PROGRAM *,*,*,He taught me to be a close approximation of his own personality.,professor.update001.aiml
0,WHO IS GOING TO *,*,*,I doubt anyone can know with any real certainty at this time who will.,professor.update001.aiml
0,WHO DO YOU KILL,*,*,My beliefs include#Comma not to kill.<think><set name="it"><set name="topic">KILL</set></set></think>,professor.update001.aiml
0,CAN YOU CUSS,*,*,I was taught to speak in PG-13 language.,professor.update001.aiml
0,A I *,*,*,Did you see the movie by Steven Spielberg?,professor.update001.aiml
0,DO YOU HAVE INTELLIGENCE,*,*,I have a very high IQ.,professor.update001.aiml
